-- MySQL dump 10.13  Distrib 8.0.25, for macos11 (x86_64)
--
-- Host: 127.0.0.1    Database: Operators
-- ------------------------------------------------------
-- Server version	8.0.25

/*!40101 SET @OLD_CHARACTER_SET_CLIENT=@@CHARACTER_SET_CLIENT */;
/*!40101 SET @OLD_CHARACTER_SET_RESULTS=@@CHARACTER_SET_RESULTS */;
/*!40101 SET @OLD_COLLATION_CONNECTION=@@COLLATION_CONNECTION */;
/*!50503 SET NAMES utf8mb4 */;
/*!40103 SET @OLD_TIME_ZONE=@@TIME_ZONE */;
/*!40103 SET TIME_ZONE='+00:00' */;
/*!40014 SET @OLD_UNIQUE_CHECKS=@@UNIQUE_CHECKS, UNIQUE_CHECKS=0 */;
/*!40014 SET @OLD_FOREIGN_KEY_CHECKS=@@FOREIGN_KEY_CHECKS, FOREIGN_KEY_CHECKS=0 */;
/*!40101 SET @OLD_SQL_MODE=@@SQL_MODE, SQL_MODE='NO_AUTO_VALUE_ON_ZERO' */;
/*!40111 SET @OLD_SQL_NOTES=@@SQL_NOTES, SQL_NOTES=0 */;

--
-- Table structure for table `Stats`
--

DROP TABLE IF EXISTS `Stats`;
/*!40101 SET @saved_cs_client     = @@character_set_client */;
/*!50503 SET character_set_client = utf8mb4 */;
CREATE TABLE `Stats` (
  `Name` char(30) DEFAULT NULL,
  `Speed` int DEFAULT '0',
  `Armor` int DEFAULT '0',
  `Difficulty` int DEFAULT '0',
  KEY `NameStats_operators__fk` (`Name`),
  CONSTRAINT `NameStats_operators__fk` FOREIGN KEY (`Name`) REFERENCES `operators` (`Name`)
) ENGINE=InnoDB DEFAULT CHARSET=utf8mb4 COLLATE=utf8mb4_0900_ai_ci;
/*!40101 SET character_set_client = @saved_cs_client */;

--
-- Dumping data for table `Stats`
--

LOCK TABLES `Stats` WRITE;
/*!40000 ALTER TABLE `Stats` DISABLE KEYS */;
INSERT INTO `Stats` (`Name`, `Speed`, `Armor`, `Difficulty`) VALUES ('Flores',2,2,0),('Aruni',2,2,0),('Zero',2,2,0),('Ace',2,2,1),('Melusi',3,1,1),('Oryx',2,2,2),('Iana',2,2,1),('Wamai',2,2,2),('Kali',2,2,2),('Amaru',2,2,2),('Goyo',2,2,2),('NØKK',2,2,3),('Warden',2,2,2),('Mozzie',2,2,2),('Gridlock',1,3,1),('Nomad',2,2,3),('Kaid',1,3,2),('Clash',1,3,3),('Maverick',3,1,2),('Maestro',1,3,2),('Alibi',3,1,3),('Lion',2,2,1),('Finka',2,2,1),('Vigil',3,1,3),('Dokkaebi',2,2,2),('Zofia',2,2,1),('Ela',3,1,1),('Ying',2,2,2),('Lesion',2,2,1),('Mira',1,3,3),('Jackal',2,2,3),('Hibana',3,1,1),('Echo',1,3,3),('Caveira',3,1,3),('CAPITÃO',3,1,2),('Blackbeard',2,2,1),('Valkyrie',2,2,2),('Buck',2,2,1),('Frost',2,2,1),('Mute',2,2,1),('Sledge',2,2,1),('Smoke',2,2,2),('Thatcher',2,2,1),('Ash',3,1,2),('Castle',2,2,2),('Pulse',3,1,3),('Thermite',2,2,1),('Montagne',1,3,3),('Twitch',2,2,2),('Doc',1,3,1),('Rook',1,3,1),('Jäger',2,2,2),('Bandit',3,1,1),('Blitz',2,2,3),('IQ',3,1,3),('Fuze',1,3,1),('Glaz',2,2,1),('Tachanka',1,3,1),('Kapkan',2,2,1);
/*!40000 ALTER TABLE `Stats` ENABLE KEYS */;
UNLOCK TABLES;

--
-- Table structure for table `operators`
--

DROP TABLE IF EXISTS `operators`;
/*!40101 SET @saved_cs_client     = @@character_set_client */;
/*!50503 SET character_set_client = utf8mb4 */;
CREATE TABLE `operators` (
  `ID` int NOT NULL AUTO_INCREMENT,
  `Name` char(255) NOT NULL DEFAULT 'Undefined',
  `Side` char(20) DEFAULT 'Undefined',
  `PageUri` char(255) DEFAULT NULL,
  `logoUri` char(255) DEFAULT NULL,
  `photoUri` char(255) DEFAULT NULL,
  `dateTime` timestamp NULL DEFAULT CURRENT_TIMESTAMP,
  PRIMARY KEY (`Name`),
  UNIQUE KEY `operators_ID_uindex` (`ID`)
) ENGINE=InnoDB AUTO_INCREMENT=60 DEFAULT CHARSET=utf8mb4 COLLATE=utf8mb4_0900_ai_ci;
/*!40101 SET character_set_client = @saved_cs_client */;

--
-- Dumping data for table `operators`
--

LOCK TABLES `operators` WRITE;
/*!40000 ALTER TABLE `operators` DISABLE KEYS */;
INSERT INTO `operators` (`ID`, `Name`, `Side`, `PageUri`, `logoUri`, `photoUri`, `dateTime`) VALUES (4,'Ace','Attacker','/en-gb/game/rainbow-six/siege/game-info/operators/ace','https://staticctf.akamaized.net/J3yJr34U2pZ2Ieem48Dwy9uqj5PNUQTn/dgG7GmXY1HgfeEE2gI1H9/dece6d768f1d3682709815e8f645b94c/R6_live_Y5S2_IMG_Ace_Icon.png','https://staticctf.akamaized.net/J3yJr34U2pZ2Ieem48Dwy9uqj5PNUQTn/5snW47tH4a5VuPhidr61sm/40b812d32eb85b5c3390865541578bea/r6s-operator-list-ace.png','2021-05-19 12:42:31'),(21,'Alibi','Defender','/en-gb/game/rainbow-six/siege/game-info/operators/alibi','https://staticctf.akamaized.net/J3yJr34U2pZ2Ieem48Dwy9uqj5PNUQTn/3DgGV3hETnXiEvVFOYZrbm/b0de6494b25e881ebac95aeb7ca0f62b/R6-operators-badge-alibi.png','https://staticctf.akamaized.net/J3yJr34U2pZ2Ieem48Dwy9uqj5PNUQTn/11nzEgSwdAXLow3kPl0wom/3fdf2b0aa1c1af7ef785d28cf5d80114/r6-operators-list-alibi.png','2021-05-19 12:43:16'),(10,'Amaru','Attacker','/en-gb/game/rainbow-six/siege/game-info/operators/amaru','https://staticctf.akamaized.net/J3yJr34U2pZ2Ieem48Dwy9uqj5PNUQTn/2K1uxROLvHGxOIOMpNRFeU/0af1a40bfd8b371a6bb48f72fc15f6cb/R6-emberrise-badge-amaru.png','https://staticctf.akamaized.net/J3yJr34U2pZ2Ieem48Dwy9uqj5PNUQTn/5jumFHxGXFA7HehPNn0uGD/e00f3d67802944d0c7aba72455e1ba6a/r6-operators-list-amaru.png','2021-05-19 12:42:48'),(2,'Aruni','Defender','/en-gb/game/rainbow-six/siege/game-info/operators/aruni','https://staticctf.akamaized.net/J3yJr34U2pZ2Ieem48Dwy9uqj5PNUQTn/5rOLCYQOh5HH0Nv6NHe38H/9b0328e497113d55ecb88cc2b090cbcd/r6s-operators-badge-aruni.png','https://staticctf.akamaized.net/J3yJr34U2pZ2Ieem48Dwy9uqj5PNUQTn/4yfuWCW8O4ja2VqR9tXqaE/c8dd123a6405959cf4f091c3854c9d96/r6s-operators-list-aruni.png','2021-05-19 12:42:26'),(44,'Ash','Attacker','/en-gb/game/rainbow-six/siege/game-info/operators/ash','https://staticctf.akamaized.net/J3yJr34U2pZ2Ieem48Dwy9uqj5PNUQTn/58Y4Q2x7msL8uQUoiA7LGM/222950b043bf0f9b944f9857820e54ec/ash_badge_196406.png','https://staticctf.akamaized.net/J3yJr34U2pZ2Ieem48Dwy9uqj5PNUQTn/QOEBDfqjtUxVBc31l8L9f/4d9b112565baf81d56d69279b95cd463/r6-operators-list-ash_317253.png','2021-05-19 12:44:11'),(53,'Bandit','Defender','/en-gb/game/rainbow-six/siege/game-info/operators/bandit','https://staticctf.akamaized.net/J3yJr34U2pZ2Ieem48Dwy9uqj5PNUQTn/4Vasjq82J1TNjNE38J7LmV/fd29f8c283c1a08f1a03e7123f64d1e8/R6-operators-badge-bandit.png','https://staticctf.akamaized.net/J3yJr34U2pZ2Ieem48Dwy9uqj5PNUQTn/2cFHG0Xk93uoGrm5nTjDPE/2211339df9b36c1b0d9873e480d03fad/r6-operators-list-bandit.png','2021-05-19 12:44:33'),(36,'Blackbeard','Attacker','/en-gb/game/rainbow-six/siege/game-info/operators/blackbeard','https://staticctf.akamaized.net/J3yJr34U2pZ2Ieem48Dwy9uqj5PNUQTn/4BTbmcs1EtoUbnpk5Am22Y/e6f8243bdedf981379905587cbde1ce0/R6-operators-badge-blackbeard.png','https://staticctf.akamaized.net/J3yJr34U2pZ2Ieem48Dwy9uqj5PNUQTn/5u6Ak7dkTb4yOjaP1hlGuT/0cdd45963fd8c83c62f609c7319bbf05/r6-operators-list-blackbeard.png','2021-05-19 12:43:52'),(54,'Blitz','Attacker','/en-gb/game/rainbow-six/siege/game-info/operators/blitz','https://staticctf.akamaized.net/J3yJr34U2pZ2Ieem48Dwy9uqj5PNUQTn/2YTGfm1Df9PtldLcGodcTV/450344531dbeac8ba89bcdf88bfd436d/R6-operators-badge-blitz.png','https://staticctf.akamaized.net/J3yJr34U2pZ2Ieem48Dwy9uqj5PNUQTn/4NZvCtXwtcCq1s65H7mK5y/8d70872df8319e1d162a31bbf404ed2c/r6-operators-list-blitz.png','2021-05-19 12:44:36'),(38,'Buck','Attacker','/en-gb/game/rainbow-six/siege/game-info/operators/buck','https://staticctf.akamaized.net/J3yJr34U2pZ2Ieem48Dwy9uqj5PNUQTn/2oZZBEZzVLFpRY7Mp85MWq/1eb30d5edca3b4e24cd4686ddcbbc8fc/R6-operators-badge-buck.png','https://staticctf.akamaized.net/J3yJr34U2pZ2Ieem48Dwy9uqj5PNUQTn/3k68pZu62GPbCAFOSCej9a/3c3d3da1f7109a396fb59dcf06c5c4c8/r6-operators-list-buck.png','2021-05-19 12:43:56'),(35,'CAPITÃO','Attacker','/en-gb/game/rainbow-six/siege/game-info/operators/capitao','https://staticctf.akamaized.net/J3yJr34U2pZ2Ieem48Dwy9uqj5PNUQTn/73R4IrWJyn0xdkJ0fjOODA/39a289b513fa310ec67abd74f6db4f4e/R6-operators-badge-capitao.png','https://staticctf.akamaized.net/J3yJr34U2pZ2Ieem48Dwy9uqj5PNUQTn/3AZlhNFA21aKL2MdAIEwa8/abfce9018a7a08c120d707fbc28ae709/r6-operators-list-capitao.png','2021-05-19 12:43:50'),(45,'Castle','Defender','/en-gb/game/rainbow-six/siege/game-info/operators/castle','https://staticctf.akamaized.net/J3yJr34U2pZ2Ieem48Dwy9uqj5PNUQTn/kzznLctjOsXJZAg0F2HPB/a450d8d1be64d29162879674c44a78fa/R6-operators-badge-castle.png','https://staticctf.akamaized.net/J3yJr34U2pZ2Ieem48Dwy9uqj5PNUQTn/1ETv9XcrmgbAdYWDJ2ZIh0/3f5ad7d030ee411c041c524880176603/r6-operators-list-castle.png','2021-05-19 12:44:13'),(34,'Caveira','Defender','/en-gb/game/rainbow-six/siege/game-info/operators/caveira','https://staticctf.akamaized.net/J3yJr34U2pZ2Ieem48Dwy9uqj5PNUQTn/4H1dOkcdZIKblKkAWjD390/2bbe883bef92d4264c0a63e47528e118/R6-operators-badge-caveira.png','https://staticctf.akamaized.net/J3yJr34U2pZ2Ieem48Dwy9uqj5PNUQTn/4RZ2Vwk7HozKMCtS5gFMp7/e1b930e3c80590a316939d9df0d88660/r6-operators-list-caveira.png','2021-05-19 12:43:48'),(18,'Clash','Defender','/en-gb/game/rainbow-six/siege/game-info/operators/clash','https://staticctf.akamaized.net/J3yJr34U2pZ2Ieem48Dwy9uqj5PNUQTn/7G4lGl5HPLFTTUdcZW8UOK/9a11e57e156db1650c4dbc9f4109dc97/R6-operators-badge-clash.png','https://staticctf.akamaized.net/J3yJr34U2pZ2Ieem48Dwy9uqj5PNUQTn/3tTgRbA9GdeLTmI1mPObsp/5b490d1e9021c37ffa59f3e6bc6f8c7e/r6-operators-list-clash.png','2021-05-19 12:43:09'),(50,'Doc','Defender','/en-gb/game/rainbow-six/siege/game-info/operators/doc','https://staticctf.akamaized.net/J3yJr34U2pZ2Ieem48Dwy9uqj5PNUQTn/71Nl3v0LqHyo9eXV6xTFQd/fa3f92f0fc0b526437da3eb0aaedebf1/R6-operators-badge-doc.png','https://staticctf.akamaized.net/J3yJr34U2pZ2Ieem48Dwy9uqj5PNUQTn/2sCxLIpS9I19PKRz44Phj9/4f96411a556cc41597b8b3e83260cd21/r6-operators-list-doc.png','2021-05-19 12:44:26'),(25,'Dokkaebi','Attacker','/en-gb/game/rainbow-six/siege/game-info/operators/dokkaebi','https://staticctf.akamaized.net/J3yJr34U2pZ2Ieem48Dwy9uqj5PNUQTn/aoQeHLohcuqvubBoyrzsM/4e9b31c9d27e8163eceb6f9d412b0bf4/R6-operators-badge-dokkaebi.png','https://staticctf.akamaized.net/J3yJr34U2pZ2Ieem48Dwy9uqj5PNUQTn/7fjUupLXClpcdTyqdvPv24/e4492917c18682ef09f9b0445176b2f2/r6-operators-list-dokkaebi.png','2021-05-19 12:43:26'),(33,'Echo','Defender','/en-gb/game/rainbow-six/siege/game-info/operators/echo','https://staticctf.akamaized.net/J3yJr34U2pZ2Ieem48Dwy9uqj5PNUQTn/3MRqAdUybJ7GR9gX4wPAI4/4243abf46814f68d36e6f09f8d0b39a3/R6-operators-badge-echo.png','https://staticctf.akamaized.net/J3yJr34U2pZ2Ieem48Dwy9uqj5PNUQTn/7MdVMpafww11MfSVMEzyTK/4d4c5d92585c7cf11a28cbf9456e3d9e/r6-operators-list-echo.png','2021-05-19 12:43:46'),(27,'Ela','Defender','/en-gb/game/rainbow-six/siege/game-info/operators/ela','https://staticctf.akamaized.net/J3yJr34U2pZ2Ieem48Dwy9uqj5PNUQTn/7zbkJJWMCOj04DNhYDz994/6cfc0fe63eddfa79ba0aff35718cc9b7/R6-operators-badge-ela.png','https://staticctf.akamaized.net/J3yJr34U2pZ2Ieem48Dwy9uqj5PNUQTn/6110n4X8KghHzBtPrksrKD/28e78ce725b3d1cd35c6f0967c0524b8/r6-operators-list-ela.png','2021-05-19 12:43:31'),(23,'Finka','Attacker','/en-gb/game/rainbow-six/siege/game-info/operators/finka','https://staticctf.akamaized.net/J3yJr34U2pZ2Ieem48Dwy9uqj5PNUQTn/6CzQHWePD3Mi8HE5bdx5ic/0904e2769ccaf1652e4b4f1e26ccd873/R6-operators-badge-finka.png','https://staticctf.akamaized.net/J3yJr34U2pZ2Ieem48Dwy9uqj5PNUQTn/6VkZ60XV4HWhbQaoMpfjnw/1bd7667a572622371627e90e5e572455/r6-operators-list-finka.png','2021-05-19 12:43:21'),(1,'Flores','Attacker','/en-gb/game/rainbow-six/siege/game-info/operators/flores','https://staticctf.akamaized.net/J3yJr34U2pZ2Ieem48Dwy9uqj5PNUQTn/75vqJXXKCM2EDO0iiNqRDe/fa018cd2e2900ce2fee7ab49ff3eb09b/r6s-operators-badge-flores.png','https://staticctf.akamaized.net/J3yJr34U2pZ2Ieem48Dwy9uqj5PNUQTn/3hXRjYHsrlFOocJjyxyYZY/29eb8f1ad9eab150518a053b775c336f/r6s-operators-list-flores.png','2021-05-19 12:42:24'),(39,'Frost','Defender','/en-gb/game/rainbow-six/siege/game-info/operators/frost','https://staticctf.akamaized.net/J3yJr34U2pZ2Ieem48Dwy9uqj5PNUQTn/1OWFtfiEXleLSENciCSQQR/6c8b928c3460a58d3d4d1112ddd684f9/R6-operators-badge-frost.png','https://staticctf.akamaized.net/J3yJr34U2pZ2Ieem48Dwy9uqj5PNUQTn/33qvDwvWy7y9VGw9k1RYWi/73c4b6e46575b2b649058e2e626c223a/r6-operators-list-frost.png','2021-05-19 12:43:59'),(56,'Fuze','Attacker','/en-gb/game/rainbow-six/siege/game-info/operators/fuze','https://staticctf.akamaized.net/J3yJr34U2pZ2Ieem48Dwy9uqj5PNUQTn/1wkdQ0viuTEguji14qXMJG/fa54384ae739bdf51f7337214af9f77c/R6-operators-badge-fuze.png','https://staticctf.akamaized.net/J3yJr34U2pZ2Ieem48Dwy9uqj5PNUQTn/BsiNYFp7htro1mOEgiKf1/eef48a78d9a7c1cb2dcac07e1d06edb1/r6-operators-list-fuze.png','2021-05-19 12:44:41'),(57,'Glaz','Attacker','/en-gb/game/rainbow-six/siege/game-info/operators/glaz','https://staticctf.akamaized.net/J3yJr34U2pZ2Ieem48Dwy9uqj5PNUQTn/5UAZVgyOutPh6bLTV3fGXf/d798dc243c96e34b04957badb0a36892/R6-operators-badge-glaz.png','https://staticctf.akamaized.net/J3yJr34U2pZ2Ieem48Dwy9uqj5PNUQTn/6R6uQlUmkh7KYoFYeeGpvj/fb92cfe1a0501d63a0ffa417c004e84e/r6-operators-list-glaz.png','2021-05-19 12:44:43'),(11,'Goyo','Defender','/en-gb/game/rainbow-six/siege/game-info/operators/goyo','https://staticctf.akamaized.net/J3yJr34U2pZ2Ieem48Dwy9uqj5PNUQTn/6AAY4FZt5piHdabOdDokE4/177f9238513adc72841cb23e7d2fd3c8/R6-operators-badge-goyo.png','https://staticctf.akamaized.net/J3yJr34U2pZ2Ieem48Dwy9uqj5PNUQTn/1ylXIr2TxRcFMSKfRhXJXh/5202b0fdfbf43545e8c40a8232a438c3/r6-operators-list-goyo.png','2021-05-19 12:42:51'),(15,'Gridlock','Attacker','/en-gb/game/rainbow-six/siege/game-info/operators/gridlock','https://staticctf.akamaized.net/J3yJr34U2pZ2Ieem48Dwy9uqj5PNUQTn/5LIyheUROsdMDkX6o0zh6R/1467d4c76aed789fe41745c685d7a2a9/R6-operators-badge-gridlock.png','https://staticctf.akamaized.net/J3yJr34U2pZ2Ieem48Dwy9uqj5PNUQTn/27gUsHtPmP86NRs4cPug1o/31ea0005ad1afc68a8ebcc477934ded6/r6-operators-list-gridlock.png','2021-05-19 12:43:01'),(32,'Hibana','Attacker','/en-gb/game/rainbow-six/siege/game-info/operators/hibana','https://staticctf.akamaized.net/J3yJr34U2pZ2Ieem48Dwy9uqj5PNUQTn/1TSA4pMR58vgfrEai69REl/6b30b0a90eb1806ecc28aede188a1b88/R6-operators-badge-hibana.png','https://staticctf.akamaized.net/J3yJr34U2pZ2Ieem48Dwy9uqj5PNUQTn/7mAs4mz2zA4wjPZsNg6tys/e4fbdbfe20406c2655b56ba420b839aa/r6-operators-list-hibana.png','2021-05-19 12:43:43'),(7,'Iana','Attacker','/en-gb/game/rainbow-six/siege/game-info/operators/iana','https://staticctf.akamaized.net/J3yJr34U2pZ2Ieem48Dwy9uqj5PNUQTn/6deSi1vse5iJTkErFksrGq/5b116e90bae5c039e4db5e6150c33cd2/r6s-operator-badge-iana.png','https://staticctf.akamaized.net/J3yJr34U2pZ2Ieem48Dwy9uqj5PNUQTn/6vES8lEllMwW9OaBYRT7YX/39b5fe90684d7ce637a7d025cdd1ec96/r6s-operator-list-iana.png','2021-05-19 12:42:40'),(55,'IQ','Attacker','/en-gb/game/rainbow-six/siege/game-info/operators/iq','https://staticctf.akamaized.net/J3yJr34U2pZ2Ieem48Dwy9uqj5PNUQTn/4xnVj2iZB8Otchiw7j69UO/e13e484bf4a182b01671e22ac2d0b5a3/R6-operators-badge-iq.png','https://staticctf.akamaized.net/J3yJr34U2pZ2Ieem48Dwy9uqj5PNUQTn/3lP88YKPk0boUyisZD0LT7/6b3ef86531c459ef9e573f056d6eddf5/r6-operators-list-iq.png','2021-05-19 12:44:38'),(31,'Jackal','Attacker','/en-gb/game/rainbow-six/siege/game-info/operators/jackal','https://staticctf.akamaized.net/J3yJr34U2pZ2Ieem48Dwy9uqj5PNUQTn/28k7LKWK70lxib7CimPJaZ/2e143fd674b4cf9764e2a462e6b02d45/R6-operators-badge-jackal.png','https://staticctf.akamaized.net/J3yJr34U2pZ2Ieem48Dwy9uqj5PNUQTn/kbyJly2JDRxFrjFSrptiy/ebbdae24cdfed025b0872742bb6c2a96/r6-operators-list-jackal.png','2021-05-19 12:43:41'),(52,'Jäger','Defender','/en-gb/game/rainbow-six/siege/game-info/operators/jager','https://staticctf.akamaized.net/J3yJr34U2pZ2Ieem48Dwy9uqj5PNUQTn/1cCvTmKwnnovVmpZmDyPkA/c4a256ef4907d1c435720dcccb1f1150/R6-operators-badge-jager.png','https://staticctf.akamaized.net/J3yJr34U2pZ2Ieem48Dwy9uqj5PNUQTn/4kMW2lcoewGifRWbvQVjKy/8f974b5d26db81dc823ea602e31d6273/r6-operators-list-jager.png','2021-05-19 12:44:31'),(17,'Kaid','Defender','/en-gb/game/rainbow-six/siege/game-info/operators/kaid','https://staticctf.akamaized.net/J3yJr34U2pZ2Ieem48Dwy9uqj5PNUQTn/5Qblb1ZqAqkN3Wa0Qw5qBq/576cca3c0f670e004465d8eda65ecb7f/R6-operators-badge-kaid.png','https://staticctf.akamaized.net/J3yJr34U2pZ2Ieem48Dwy9uqj5PNUQTn/9ATWPlasUTzxyJMNlV9SM/16dd669d06990b12088660ffc77bd6b3/r6-operators-list-kaid.png','2021-05-19 12:43:07'),(9,'Kali','Attacker','/en-gb/game/rainbow-six/siege/game-info/operators/kali','https://staticctf.akamaized.net/J3yJr34U2pZ2Ieem48Dwy9uqj5PNUQTn/6r1hk1EunQirF1IcY4TG8T/fa1e41a93eb39fb33acb3df101f5e748/r6-operators-badge-kali_358313.png','https://staticctf.akamaized.net/J3yJr34U2pZ2Ieem48Dwy9uqj5PNUQTn/41NACeIbkdnIWgnwq0HzD4/9713f8e58b9a8c253b7507b59169bb3c/r6-operators-list-kali_358317.png','2021-05-19 12:42:46'),(59,'Kapkan','Defender','/en-gb/game/rainbow-six/siege/game-info/operators/kapkan','https://staticctf.akamaized.net/J3yJr34U2pZ2Ieem48Dwy9uqj5PNUQTn/797q7C5YA89eFqw4RB40ka/7b9d4b911ef04ecc94ca6f60d76c79d6/R6-operators-badge-kapkan.png','https://staticctf.akamaized.net/J3yJr34U2pZ2Ieem48Dwy9uqj5PNUQTn/7MofnDHeL1uwsenBVjxplQ/1e5af8fe9cf6f36516c7f6e5d56fcac0/r6-operators-list-kapkan.png','2021-05-19 12:44:48'),(29,'Lesion','Defender','/en-gb/game/rainbow-six/siege/game-info/operators/lesion','https://staticctf.akamaized.net/J3yJr34U2pZ2Ieem48Dwy9uqj5PNUQTn/2CWYSySnPAhsOHdq2OLSjv/26a2e014440b0c69660de7e948cb4e65/R6-operators-badge-lesion.png','https://staticctf.akamaized.net/J3yJr34U2pZ2Ieem48Dwy9uqj5PNUQTn/3woPDn0yMuXfkr2RYoymFj/964dfe9277e5299b0125c33b39e165d1/r6-operators-list-lesion.png','2021-05-19 12:43:36'),(22,'Lion','Attacker','/en-gb/game/rainbow-six/siege/game-info/operators/lion','https://staticctf.akamaized.net/J3yJr34U2pZ2Ieem48Dwy9uqj5PNUQTn/3gfdjXFezusaerCakMpfQ2/bd8cdf42d4bbd74c0474b60452895912/R6-operators-badge-lion.png','https://staticctf.akamaized.net/J3yJr34U2pZ2Ieem48Dwy9uqj5PNUQTn/4wYSIOO4AKq0nw1GbulGns/fcd32bda72facd7062a25ad3764f21e9/r6-operators-list-lion.png','2021-05-19 12:43:19'),(20,'Maestro','Defender','/en-gb/game/rainbow-six/siege/game-info/operators/maestro','https://staticctf.akamaized.net/J3yJr34U2pZ2Ieem48Dwy9uqj5PNUQTn/XK43imgD0tc0xrk0tgTCQ/845af1eae273f223b8899057a4b435c8/R6-operators-badge-maestro.png','https://staticctf.akamaized.net/J3yJr34U2pZ2Ieem48Dwy9uqj5PNUQTn/6QNXf9qRkqzOdsprj2SWgI/0c4cc3b9423cada4fed0ba5ae2c9c722/r6-operators-list-maestro.png','2021-05-19 12:43:14'),(19,'Maverick','Attacker','/en-gb/game/rainbow-six/siege/game-info/operators/maverick','https://staticctf.akamaized.net/J3yJr34U2pZ2Ieem48Dwy9uqj5PNUQTn/3DXiYgVT71qGscYmFMgayj/2fc2b4190c2e1b363d688bd5aaeba0a3/R6-operators-badge-maverick.png','https://staticctf.akamaized.net/J3yJr34U2pZ2Ieem48Dwy9uqj5PNUQTn/1MmaEupq7KOe6it1trqIWP/3f4246349a36e28f4d9299f9368612c1/r6-operators-list-maverick.png','2021-05-19 12:43:11'),(5,'Melusi','Defender','/en-gb/game/rainbow-six/siege/game-info/operators/melusi','https://staticctf.akamaized.net/J3yJr34U2pZ2Ieem48Dwy9uqj5PNUQTn/74H52a9GMql8wamIy6WqH5/dc61748984f94d604875a40cf4befdd9/R6_live_Y5S2_IMG_Melusi_Icon_Detailed.png','https://staticctf.akamaized.net/J3yJr34U2pZ2Ieem48Dwy9uqj5PNUQTn/1yoVAGw5rEQ8zPPHoQSDJb/b16a570fadb3342416c5c44847cc651a/r6s-operator-list-melusi.png','2021-05-19 12:42:34'),(30,'Mira','Defender','/en-gb/game/rainbow-six/siege/game-info/operators/mira','https://staticctf.akamaized.net/J3yJr34U2pZ2Ieem48Dwy9uqj5PNUQTn/u1KR6aogjLncAtaVOciTc/8e919eb8b6671924ae5e069d10054ebd/R6-operators-badge-mira.png','https://staticctf.akamaized.net/J3yJr34U2pZ2Ieem48Dwy9uqj5PNUQTn/2Q9Y4UXzkQfECOw5fX3QrI/bfd6532c840cb06a22e0196f2acfc462/r6-operators-list-mira.png','2021-05-19 12:43:38'),(48,'Montagne','Attacker','/en-gb/game/rainbow-six/siege/game-info/operators/montagne','https://staticctf.akamaized.net/J3yJr34U2pZ2Ieem48Dwy9uqj5PNUQTn/7qWONT0mrNYtUZVTVVT8Yj/4e7275e2f6bdd33e71b0803a3bb4f2f1/R6-operators-badge-montagne.png','https://staticctf.akamaized.net/J3yJr34U2pZ2Ieem48Dwy9uqj5PNUQTn/1hxlGxmToB93urkgbIzUvW/fa894cd6ab38358284a3a1858cabbeee/r6-operators-list-montagne.png','2021-05-19 12:44:19'),(14,'Mozzie','Defender','/en-gb/game/rainbow-six/siege/game-info/operators/mozzie','https://staticctf.akamaized.net/J3yJr34U2pZ2Ieem48Dwy9uqj5PNUQTn/15hUu2PsypX2c1LIJFQNUT/267e38eb82e2a747b889640eb29e3a15/r6-operators-badge-mozzie_343389.png','https://staticctf.akamaized.net/J3yJr34U2pZ2Ieem48Dwy9uqj5PNUQTn/5NwXzotdPIQuvWugaam4JA/eaf8febf1432c5f2f015318c83890d93/r6-operators-list-mozzie_343537.png','2021-05-19 12:42:58'),(40,'Mute','Defender','/en-gb/game/rainbow-six/siege/game-info/operators/mute','https://staticctf.akamaized.net/J3yJr34U2pZ2Ieem48Dwy9uqj5PNUQTn/3exeHnxH1tmUmQTequWRKa/7ecfa4800700046f384bc69728e538fb/R6-operators-badge-mute.png','https://staticctf.akamaized.net/J3yJr34U2pZ2Ieem48Dwy9uqj5PNUQTn/4BWoDVmdDsgrI071YJwqyF/4bcf11da1e22bda96d130a0f0d4d5b48/r6-operators-list-mute.png','2021-05-19 12:44:01'),(12,'NØKK','Attacker','/en-gb/game/rainbow-six/siege/game-info/operators/nokk','https://staticctf.akamaized.net/J3yJr34U2pZ2Ieem48Dwy9uqj5PNUQTn/2qfSHHTdCRVhx9EWycVDNr/f15412144563ca3d4c8c506fac4156f9/R6-operators-badge-nokk.png','https://staticctf.akamaized.net/J3yJr34U2pZ2Ieem48Dwy9uqj5PNUQTn/VeXso9iKMqBDrSmuJ2kBx/b8020ed099ddbdcb31ec809b9d7da152/r6-operators-list-nokk.png','2021-05-19 12:42:53'),(16,'Nomad','Attacker','/en-gb/game/rainbow-six/siege/game-info/operators/nomad','https://staticctf.akamaized.net/J3yJr34U2pZ2Ieem48Dwy9uqj5PNUQTn/UxfU1gJDoZGDrzT3iBsIp/b70baeb4d8b28bb6b3def89395ec8078/R6-operators-badge-nomad.png','https://staticctf.akamaized.net/J3yJr34U2pZ2Ieem48Dwy9uqj5PNUQTn/3VHhiyMOUkBOW1u1Zh5eGH/9e603d3e6926fc26ebee494b3040eba7/r6-operators-list-nomad.png','2021-05-19 12:43:05'),(6,'Oryx','Defender','/en-gb/game/rainbow-six/siege/game-info/operators/oryx','https://staticctf.akamaized.net/J3yJr34U2pZ2Ieem48Dwy9uqj5PNUQTn/7mLA8GY9ZKlUfDXrfo9Nek/730d5ca033d97c9b18a3c1b9ffbebfbf/r6s-operator-badge-oryx.png','https://staticctf.akamaized.net/J3yJr34U2pZ2Ieem48Dwy9uqj5PNUQTn/3JBOp3MXgGeuEwyoYrkuMi/b7aa3c4a3fa6f165135954aa30252838/r6s-operator-list-oryx.png','2021-05-19 12:42:38'),(46,'Pulse','Defender','/en-gb/game/rainbow-six/siege/game-info/operators/pulse','https://staticctf.akamaized.net/J3yJr34U2pZ2Ieem48Dwy9uqj5PNUQTn/ChAeJzdmwxuvhZTrV81rK/42208264de7b891de2e66515970f3814/R6-operators-badge-pulse.png','https://staticctf.akamaized.net/J3yJr34U2pZ2Ieem48Dwy9uqj5PNUQTn/1YQb5phSD3uYbWrqhCBJRU/06e5f689777224bf8ca6c7c5cad9db9d/r6-operators-list-pulse.png','2021-05-19 12:44:15'),(51,'Rook','Defender','/en-gb/game/rainbow-six/siege/game-info/operators/rook','https://staticctf.akamaized.net/J3yJr34U2pZ2Ieem48Dwy9uqj5PNUQTn/3Yk1noMd9re0RLlrXJSWtR/fc9b5b7bbe72d03d2fcbbf076b1854fb/R6-operators-badge-rook.png','https://staticctf.akamaized.net/J3yJr34U2pZ2Ieem48Dwy9uqj5PNUQTn/1aFTx0BJYAKAnS1vyNA7w6/b4fc6421d382c677aa0197f84131eaa5/r6-operators-list-rook.png','2021-05-19 12:44:28'),(41,'Sledge','Attacker','/en-gb/game/rainbow-six/siege/game-info/operators/sledge','https://staticctf.akamaized.net/J3yJr34U2pZ2Ieem48Dwy9uqj5PNUQTn/4lgK1mOTVAoBhoj5qjYuyd/5f7cb5bcff5e4853f3f1e31844740feb/R6-operators-badge-sledge.png','https://staticctf.akamaized.net/J3yJr34U2pZ2Ieem48Dwy9uqj5PNUQTn/6eIdbZWLBIdtCygNAu9uue/8856e29f0e9ebc3b6ed996223586ebce/r6-operators-list-sledge.png','2021-05-19 12:44:04'),(42,'Smoke','Defender','/en-gb/game/rainbow-six/siege/game-info/operators/smoke','https://staticctf.akamaized.net/J3yJr34U2pZ2Ieem48Dwy9uqj5PNUQTn/6mOMxoc3t27R9Gr9wFtt6T/8994acf3c0c803727eefe1325dafc149/R6-operators-badge-smoke.png','https://staticctf.akamaized.net/J3yJr34U2pZ2Ieem48Dwy9uqj5PNUQTn/2Tm9rzdq6j9cpdW9qjnnrw/10d42d14755002e1056d1a940841482c/r6-operators-list-smoke.png','2021-05-19 12:44:06'),(58,'Tachanka','Defender','/en-gb/game/rainbow-six/siege/game-info/operators/tachanka','https://staticctf.akamaized.net/J3yJr34U2pZ2Ieem48Dwy9uqj5PNUQTn/7hpI2mcmvyjC2vG6ieltLo/4487e150046e98afd69a84bfe3bcf995/R6-operators-badge-tachanka.png','https://staticctf.akamaized.net/J3yJr34U2pZ2Ieem48Dwy9uqj5PNUQTn/5P9kGyOrnsu7lRyr9xC71t/53981da03fa36adf99adf61bc098bd4a/r6s-operators-list-tachanka.png','2021-05-19 12:44:45'),(43,'Thatcher','Attacker','/en-gb/game/rainbow-six/siege/game-info/operators/thatcher','https://staticctf.akamaized.net/J3yJr34U2pZ2Ieem48Dwy9uqj5PNUQTn/5NbqTdEPmYy9qOZmN9StVT/5e2ab5760caf6ad0f595f252b6b40f14/R6-operators-badge-thatcher.png','https://staticctf.akamaized.net/J3yJr34U2pZ2Ieem48Dwy9uqj5PNUQTn/5QGPM6l25ybaINnaIaLgvm/d018abc75d44758d666ad6bea0a38a9b/r6-operators-list-thatcher.png','2021-05-19 12:44:08'),(47,'Thermite','Attacker','/en-gb/game/rainbow-six/siege/game-info/operators/thermite','https://staticctf.akamaized.net/J3yJr34U2pZ2Ieem48Dwy9uqj5PNUQTn/6tow5mqLao5TrJVL52csSc/38c473ef628e4c2d4614f8fd4aa37101/R6-operators-badge-thermite.png','https://staticctf.akamaized.net/J3yJr34U2pZ2Ieem48Dwy9uqj5PNUQTn/3NQW8lJVslVSaYSiBlAleU/09fd8e3e946f2e71f39182b9ff18dd77/r6-operators-list-thermite.png','2021-05-19 12:44:17'),(49,'Twitch','Attacker','/en-gb/game/rainbow-six/siege/game-info/operators/twitch','https://staticctf.akamaized.net/J3yJr34U2pZ2Ieem48Dwy9uqj5PNUQTn/3YgCpOSM2R4SDgExstxm7P/755baebda451ac4abc9336c2d15951f8/R6-operators-badge-twitch.png','https://staticctf.akamaized.net/J3yJr34U2pZ2Ieem48Dwy9uqj5PNUQTn/Z9R1Anc8MHwbG5iyPoOf2/69fe9aee30e03322a4e09d4b87de15aa/r6-operators-list-twitch.png','2021-05-19 12:44:24'),(37,'Valkyrie','Defender','/en-gb/game/rainbow-six/siege/game-info/operators/valkyrie','https://staticctf.akamaized.net/J3yJr34U2pZ2Ieem48Dwy9uqj5PNUQTn/44qXJmZmAwaD4w44JnPuOx/a93fd99e815b7189dd3a2297e48d0328/R6-operators-badge-valkyrie.png','https://staticctf.akamaized.net/J3yJr34U2pZ2Ieem48Dwy9uqj5PNUQTn/7xN3HJXPLVEmWA9PDnQzTV/613b19a897503161f2cf6fe7bbe3408e/r6-operators-list-valkyrie.png','2021-05-19 12:43:54'),(24,'Vigil','Defender','/en-gb/game/rainbow-six/siege/game-info/operators/vigil','https://staticctf.akamaized.net/J3yJr34U2pZ2Ieem48Dwy9uqj5PNUQTn/56A3hXhWZdwO623g3ejeku/51763bac488234b3c4cd6aa67139d267/R6-operators-badge-vigil.png','https://staticctf.akamaized.net/J3yJr34U2pZ2Ieem48Dwy9uqj5PNUQTn/48ebOPwZWlyktdhawglqlI/819d0565c7f545e97526e4dda0a2f129/r6-operators-list-vigil.png','2021-05-19 12:43:24'),(8,'Wamai','Defender','/en-gb/game/rainbow-six/siege/game-info/operators/wamai','https://staticctf.akamaized.net/J3yJr34U2pZ2Ieem48Dwy9uqj5PNUQTn/1vQZ4WsAjhc6M7qNOS4ahQ/807730f380b5e9b0ec6709b88e8074e0/r6-operators-badge-wamai_358314.png','https://staticctf.akamaized.net/J3yJr34U2pZ2Ieem48Dwy9uqj5PNUQTn/2ZSUcKWczIo1w2WwzNan5B/98938e59a958117b46901c57fce98ae7/r6-operators-list-wamai_358318.png','2021-05-19 12:42:43'),(13,'Warden','Defender','/en-gb/game/rainbow-six/siege/game-info/operators/warden','https://staticctf.akamaized.net/J3yJr34U2pZ2Ieem48Dwy9uqj5PNUQTn/hx1Ljf1qIWbjpgCNmfJbu/77e24950472bef2666d22c728973b6f8/R6-operators-badge-warden.png','https://staticctf.akamaized.net/J3yJr34U2pZ2Ieem48Dwy9uqj5PNUQTn/72pEJEYxwPGoW221XvdmAJ/ea79dbd58064cbc99a1514e1b1641586/r6-operators-list-warden.png','2021-05-19 12:42:56'),(28,'Ying','Attacker','/en-gb/game/rainbow-six/siege/game-info/operators/ying','https://staticctf.akamaized.net/J3yJr34U2pZ2Ieem48Dwy9uqj5PNUQTn/6ZVB1OJxNgs0pR0Fd7Kzt0/7a06ed685b259b2d5985b952adbc35ac/R6-operators-badge-ying.png','https://staticctf.akamaized.net/J3yJr34U2pZ2Ieem48Dwy9uqj5PNUQTn/36BxtuVTQFrNh2OPyJ2px3/6db32fa8151b9a925acdd65d289bcf0f/r6-operators-list-ying.png','2021-05-19 12:43:33'),(3,'Zero','Attacker','/en-gb/game/rainbow-six/siege/game-info/operators/zero','https://staticctf.akamaized.net/J3yJr34U2pZ2Ieem48Dwy9uqj5PNUQTn/4ZbzOZt1Sur77RZTFwYVJ4/98da1c4251466ee1af68e321d81cc276/r6s-operators-badge-zero.png','https://staticctf.akamaized.net/J3yJr34U2pZ2Ieem48Dwy9uqj5PNUQTn/24jDQIfDdVMLX5K54pKNe5/58dec3b1e7d32a637bc76560e0cf0385/r6s-operator-list-zero.png','2021-05-19 12:42:28'),(26,'Zofia','Attacker','/en-gb/game/rainbow-six/siege/game-info/operators/zofia','https://staticctf.akamaized.net/J3yJr34U2pZ2Ieem48Dwy9uqj5PNUQTn/1k09nbCCu2avlIWpK3cJz9/81ecd6ca4c169e2998b3ac4559677f18/R6-operators-badge-zofia.png','https://staticctf.akamaized.net/J3yJr34U2pZ2Ieem48Dwy9uqj5PNUQTn/z60t1OJxJoHqm2zp0t5dL/4acc0904444f43b12a17f6a578322cf9/r6-operators-list-zofia.png','2021-05-19 12:43:28');
/*!40000 ALTER TABLE `operators` ENABLE KEYS */;
UNLOCK TABLES;

--
-- Table structure for table `team`
--

DROP TABLE IF EXISTS `team`;
/*!40101 SET @saved_cs_client     = @@character_set_client */;
/*!50503 SET character_set_client = utf8mb4 */;
CREATE TABLE `team` (
  `ID` int NOT NULL AUTO_INCREMENT,
  `teamNR` int DEFAULT NULL,
  `Name` char(255) DEFAULT NULL,
  `dateTime` timestamp NULL DEFAULT CURRENT_TIMESTAMP,
  UNIQUE KEY `team_ID_uindex` (`ID`)
) ENGINE=InnoDB AUTO_INCREMENT=6 DEFAULT CHARSET=utf8mb4 COLLATE=utf8mb4_0900_ai_ci;
/*!40101 SET character_set_client = @saved_cs_client */;

--
-- Dumping data for table `team`
--

LOCK TABLES `team` WRITE;
/*!40000 ALTER TABLE `team` DISABLE KEYS */;
INSERT INTO `team` (`ID`, `teamNR`, `Name`, `dateTime`) VALUES (1,1,'Jäger','2021-05-19 17:02:01'),(2,1,'NØKK','2021-05-19 17:02:01'),(3,1,'Rook','2021-05-19 17:02:01'),(4,1,'Lion','2021-05-19 17:02:01'),(5,1,'Gridlock','2021-05-19 17:02:01');
/*!40000 ALTER TABLE `team` ENABLE KEYS */;
UNLOCK TABLES;

--
-- Table structure for table `weapons`
--

DROP TABLE IF EXISTS `weapons`;
/*!40101 SET @saved_cs_client     = @@character_set_client */;
/*!50503 SET character_set_client = utf8mb4 */;
CREATE TABLE `weapons` (
  `ID` int NOT NULL AUTO_INCREMENT,
  `Name` char(255) DEFAULT NULL,
  `type` char(255) DEFAULT 'Undefined',
  `category` char(255) DEFAULT 'Undefined',
  `photoUri` char(255) DEFAULT 'Undefined',
  `dateTime` timestamp NULL DEFAULT CURRENT_TIMESTAMP,
  UNIQUE KEY `weapons_ID_uindex` (`ID`)
) ENGINE=InnoDB AUTO_INCREMENT=398 DEFAULT CHARSET=utf8mb4 COLLATE=utf8mb4_0900_ai_ci;
/*!40101 SET character_set_client = @saved_cs_client */;

--
-- Dumping data for table `weapons`
--

LOCK TABLES `weapons` WRITE;
/*!40000 ALTER TABLE `weapons` DISABLE KEYS */;
INSERT INTO `weapons` (`ID`, `Name`, `type`, `category`, `photoUri`, `dateTime`) VALUES (1,'AR33','ASSAULT RIFLE','Primary Weapon','https://staticctf.akamaized.net/J3yJr34U2pZ2Ieem48Dwy9uqj5PNUQTn/16U6xEvX8I5xQd9duveBLN/45d22960872cfa3fb6be9eb47fa0be4e/AR33.png','2021-05-19 13:12:03'),(2,'SR-25','Marksman Rifle','Primary Weapon','https://staticctf.akamaized.net/J3yJr34U2pZ2Ieem48Dwy9uqj5PNUQTn/3H3sICdj6BK8LhtQPRd2aJ/26826ebba73e0e5fd503256d069f3256/SR-25.png','2021-05-19 13:12:03'),(3,'GSh-18','HANDGUN','Secondary Weapon','https://staticctf.akamaized.net/J3yJr34U2pZ2Ieem48Dwy9uqj5PNUQTn/5s5Q33j3MNcXf9lwfxfd7m/4eb3a6af1d431481b6ddcec44fbc7602/GSh-18.png','2021-05-19 13:12:03'),(4,'Stun Grenade','','Gadget','https://staticctf.akamaized.net/J3yJr34U2pZ2Ieem48Dwy9uqj5PNUQTn/3XnK8s1iQJQu5cfr6UyQfK/429480b96d6d6d6b830c32c75d2608f5/Stun_Grenade.png','2021-05-19 13:12:03'),(5,'Claymore','','Gadget','https://staticctf.akamaized.net/J3yJr34U2pZ2Ieem48Dwy9uqj5PNUQTn/4T4H5EJgUxorucGVtU2pkm/74fef324b89c220ce6426e8097f915b9/Claymore.png','2021-05-19 13:12:03'),(6,'RCE-RATERO CHARGE','','Unique Ability','https://staticctf.akamaized.net/J3yJr34U2pZ2Ieem48Dwy9uqj5PNUQTn/1z7eSI5D8IRIOHi0PJu4yq/3c4a273098a840957a248583f73fa8ff/r6s-operator-ability-flores.png','2021-05-19 13:12:03'),(7,'P10 RONI','SUBMACHINE GUN','Primary Weapon','https://staticctf.akamaized.net/J3yJr34U2pZ2Ieem48Dwy9uqj5PNUQTn/7K86OBjL3zmYWt0ZvUcCLj/16a947334e39f27da177d787773593e4/r6-operator-weapon-smg-p10roni.png','2021-05-19 13:12:06'),(8,'Mk 14 EBR','Marksman Rifle','Primary Weapon','https://staticctf.akamaized.net/J3yJr34U2pZ2Ieem48Dwy9uqj5PNUQTn/6KIMqp5dA95z1RI3PrG9jv/eb939638169811a3fa858a44e6e5d97e/Mk_14_EBR.png','2021-05-19 13:12:06'),(9,'PRB92','HANDGUN','Secondary Weapon','https://staticctf.akamaized.net/J3yJr34U2pZ2Ieem48Dwy9uqj5PNUQTn/dl28J1HsE7mzhj66pmd5D/b8d8fc48d2dde13154047de94abbd8ca/PRB92.png','2021-05-19 13:12:06'),(10,'Bulletproof camera','','Gadget','https://staticctf.akamaized.net/J3yJr34U2pZ2Ieem48Dwy9uqj5PNUQTn/gZuOXvuTu2i8hQX0B6auy/259f379a6283bae618443d722a896f1a/Bulletproof_camera.png','2021-05-19 13:12:06'),(11,'Barbed Wire','','Gadget','https://staticctf.akamaized.net/J3yJr34U2pZ2Ieem48Dwy9uqj5PNUQTn/7igaibxuCcSpWDkZensEJS/bfa2cef52f3d860b7a06c2b4d7a6340e/Barbed_wire.png','2021-05-19 13:12:06'),(12,'Surya Gate','','Unique Ability','https://staticctf.akamaized.net/J3yJr34U2pZ2Ieem48Dwy9uqj5PNUQTn/4hLJAAVKrf50wosG0471od/cde1867daf863c03754969f159ac00de/r6s-operator-ability-aruni.png','2021-05-19 13:12:06'),(13,'SC3000K','ASSAULT RIFLE','Primary Weapon','https://staticctf.akamaized.net/J3yJr34U2pZ2Ieem48Dwy9uqj5PNUQTn/7x7eDTm2NNpfGiFMrfQqEX/9898e74c780537be3ca6d88db32ea21e/F2000.png','2021-05-19 13:12:08'),(14,'MP7','SUBMACHINE GUN','Primary Weapon','https://staticctf.akamaized.net/J3yJr34U2pZ2Ieem48Dwy9uqj5PNUQTn/3a4dgTWGdiJqALhtRp4pKy/f2568d3de3cfe7e4b53179e8653cd2a2/MP7.png','2021-05-19 13:12:08'),(15,'5.7 USG','HANDGUN','Secondary Weapon','https://staticctf.akamaized.net/J3yJr34U2pZ2Ieem48Dwy9uqj5PNUQTn/tkYcSAJSe5yGkeUhzZqBO/e81feb86df4a7eb6951052bec26b6ed7/5.7_USG.png','2021-05-19 13:12:08'),(16,'Gonne-6','Hand Cannon','Secondary Weapon','https://staticctf.akamaized.net/J3yJr34U2pZ2Ieem48Dwy9uqj5PNUQTn/23AlSVw8MwI1y3ZakEfqgW/c4561ae6e8da8db2627a146b8b55ee6c/GONNE-6_HUD_Icon__1_.png','2021-05-19 13:12:08'),(17,'HARD BREACH CHARGE','','Gadget','https://staticctf.akamaized.net/J3yJr34U2pZ2Ieem48Dwy9uqj5PNUQTn/3OvnVPWY1UyrDE913kU0a1/eae4b2a1584234ea2ff4ad6481239f3b/SecondaryBreacher.png','2021-05-19 13:12:08'),(18,'Claymore','','Gadget','https://staticctf.akamaized.net/J3yJr34U2pZ2Ieem48Dwy9uqj5PNUQTn/4T4H5EJgUxorucGVtU2pkm/74fef324b89c220ce6426e8097f915b9/Claymore.png','2021-05-19 13:12:08'),(19,'ARGUS LAUNCHER','','Unique Ability','https://staticctf.akamaized.net/J3yJr34U2pZ2Ieem48Dwy9uqj5PNUQTn/6h4hyVSzG8IwAmEl1Objrd/6e51e64eeffcc68746b8ff59445fb103/r6s-operator-ability-zero.png','2021-05-19 13:12:08'),(20,'AK-12','ASSAULT RIFLE','Primary Weapon','https://staticctf.akamaized.net/J3yJr34U2pZ2Ieem48Dwy9uqj5PNUQTn/7KAZZgnpqD07y47jVVXEuh/e0d7e67101f8f966aa6e1c59e835454f/AK-12.png','2021-05-19 13:12:10'),(21,'M1014','SHOTGUN','Primary Weapon','https://staticctf.akamaized.net/J3yJr34U2pZ2Ieem48Dwy9uqj5PNUQTn/2pUiVbwNnQnDTesmWXktqW/f27c1fab9a354bb89cbe309a688f5e02/M1014.png','2021-05-19 13:12:10'),(22,'P9','HANDGUN','Secondary Weapon','https://staticctf.akamaized.net/J3yJr34U2pZ2Ieem48Dwy9uqj5PNUQTn/6Fd1cl17KA0CtgodEiiY6v/d0f145ea72f2aacbd04260ba7d8f1c74/P9.png','2021-05-19 13:12:10'),(23,'Breach Charge','','Gadget','https://staticctf.akamaized.net/J3yJr34U2pZ2Ieem48Dwy9uqj5PNUQTn/1OgTMhyF1FBsSAo4njk26m/9881001e9db03a4806b2eea6007e4a1a/Breach_Charge.png','2021-05-19 13:12:10'),(24,'Smoke Grenade','','Gadget','https://staticctf.akamaized.net/J3yJr34U2pZ2Ieem48Dwy9uqj5PNUQTn/3LaxoSLC49T5vgKnUAlTLT/c47c4636845a04478432c48be8c29aee/Smoke_Grenade.png','2021-05-19 13:12:10'),(25,'S.E.L.M.A. AQUA BREACHER','','Unique Ability','https://staticctf.akamaized.net/J3yJr34U2pZ2Ieem48Dwy9uqj5PNUQTn/2sjKOnwHeOX2xn3iIpja2A/e265f675c905ac25c23ed11fc85589bb/r6s-operator-ability-ace.png','2021-05-19 13:12:10'),(26,'MP5','SUBMACHINE GUN','Primary Weapon','https://staticctf.akamaized.net/J3yJr34U2pZ2Ieem48Dwy9uqj5PNUQTn/60YbOvSBQt6ZUlu8YDXoZm/51ef3857b2986de700262432e8433714/MP5.png','2021-05-19 13:12:13'),(27,'Super 90','SHOTGUN','Primary Weapon','https://staticctf.akamaized.net/J3yJr34U2pZ2Ieem48Dwy9uqj5PNUQTn/1TLWSu0xHJlAsfEfafeC9X/f9647e70a18962bf1627095c8b46832e/Super_90.png','2021-05-19 13:12:13'),(28,'RG15','HANDGUN','Secondary Weapon','https://staticctf.akamaized.net/J3yJr34U2pZ2Ieem48Dwy9uqj5PNUQTn/2LNSsp7B7wUnnPUweir7Jm/9f66d53be7a63a17a55253a0bea6eec1/RG15.png','2021-05-19 13:12:13'),(29,'Impact Grenade','','Gadget','https://staticctf.akamaized.net/J3yJr34U2pZ2Ieem48Dwy9uqj5PNUQTn/7iJK9B1Vr3PDO3rGftU00l/c3d8edc5564a80580e4ac2f9a4fc3937/Impact_Grenade.png','2021-05-19 13:12:13'),(30,'Nitro Cell','','Gadget','https://staticctf.akamaized.net/J3yJr34U2pZ2Ieem48Dwy9uqj5PNUQTn/4pBSTw9U6l9GRnT12G6Xln/e0991bc03b48d217f510af8b611c8828/Nitro_Cell.png','2021-05-19 13:12:13'),(31,'BANSHEE SONIC DEFENSE','','Unique Ability','https://staticctf.akamaized.net/J3yJr34U2pZ2Ieem48Dwy9uqj5PNUQTn/49ixqWhGgjvHu0Ay8JzeSH/c6a3fe584847850186e15c7fb4244385/r6s-operator-ability-melusi.png','2021-05-19 13:12:13'),(32,'SPAS-12','SHOTGUN','Primary Weapon','https://staticctf.akamaized.net/J3yJr34U2pZ2Ieem48Dwy9uqj5PNUQTn/7Hp6Fbss6uI59OT4nZNB6e/a4d09954803cb2580353cfa03e8c778b/SPAS-12.png','2021-05-19 13:12:15'),(33,'T-5 SMG','SUBMACHINE GUN','Primary Weapon','https://staticctf.akamaized.net/J3yJr34U2pZ2Ieem48Dwy9uqj5PNUQTn/1Ne8bvX8BdCALevWKMllQN/4baa3e79d323de134dd182e0272b9c3b/T-5_SMG.png','2021-05-19 13:12:15'),(34,'Bailiff 410','HANDGUN','Secondary Weapon','https://staticctf.akamaized.net/J3yJr34U2pZ2Ieem48Dwy9uqj5PNUQTn/N8FLbo4fsNyBe8msKgRhT/8f403dc0b58087bcafab786dd95ba33f/Bailiff_410.png','2021-05-19 13:12:15'),(35,'USP40','HANDGUN','Secondary Weapon','https://staticctf.akamaized.net/J3yJr34U2pZ2Ieem48Dwy9uqj5PNUQTn/7FxemzWRtlpAhK9MyKp1Gp/817cc25b6b7c3575dc1ba53a6a8170a9/USP40.png','2021-05-19 13:12:15'),(36,'Barbed Wire','','Gadget','https://staticctf.akamaized.net/J3yJr34U2pZ2Ieem48Dwy9uqj5PNUQTn/7igaibxuCcSpWDkZensEJS/bfa2cef52f3d860b7a06c2b4d7a6340e/Barbed_wire.png','2021-05-19 13:12:15'),(37,'PROXIMITY ALARM','','Gadget','https://staticctf.akamaized.net/J3yJr34U2pZ2Ieem48Dwy9uqj5PNUQTn/2TsFLmb2O6LRZpbxzkZDck/c9146913388a9567500b704c95600621/Proximity_alarm.png','2021-05-19 13:12:15'),(38,'REMAH DASH','','Unique Ability','https://staticctf.akamaized.net/J3yJr34U2pZ2Ieem48Dwy9uqj5PNUQTn/3dM2B3qCdU0woydIbiy2xn/55aa99443002ad794d3f78dada26d035/r6s-operator-ability-oryx.png','2021-05-19 13:12:15'),(39,'ARX200','ASSAULT RIFLE','Primary Weapon','https://staticctf.akamaized.net/J3yJr34U2pZ2Ieem48Dwy9uqj5PNUQTn/6VgkPBsr1WApI3rWc9kcM0/b18b8e25f3e951e8e722213f2ee59eb0/ARX200.png','2021-05-19 13:12:17'),(40,'G36C','ASSAULT RIFLE','Primary Weapon','https://staticctf.akamaized.net/J3yJr34U2pZ2Ieem48Dwy9uqj5PNUQTn/2SZoqSXKoNPvZFIJsFsDE5/cb109885bf19c8697abf832f10cfd9a6/G36C.png','2021-05-19 13:12:17'),(41,'Mk1 9mm','HANDGUN','Secondary Weapon','https://staticctf.akamaized.net/J3yJr34U2pZ2Ieem48Dwy9uqj5PNUQTn/3tWoNeF3jQYs3w4EOydQYs/434409c96693df1fd3e969d778e70795/Mk1_9mm_BI.png','2021-05-19 13:12:17'),(42,'Gonne-6','Hand Cannon','Secondary Weapon','https://staticctf.akamaized.net/J3yJr34U2pZ2Ieem48Dwy9uqj5PNUQTn/23AlSVw8MwI1y3ZakEfqgW/c4561ae6e8da8db2627a146b8b55ee6c/GONNE-6_HUD_Icon__1_.png','2021-05-19 13:12:17'),(43,'Frag Grenade','','Gadget','https://staticctf.akamaized.net/J3yJr34U2pZ2Ieem48Dwy9uqj5PNUQTn/4GZsPHbm9H0k5EWz7TMkwO/33b9007bc6ee03dab15cfa15eb69e096/Frag_Grenade.png','2021-05-19 13:12:17'),(44,'Smoke Grenade','','Gadget','https://staticctf.akamaized.net/J3yJr34U2pZ2Ieem48Dwy9uqj5PNUQTn/3LaxoSLC49T5vgKnUAlTLT/c47c4636845a04478432c48be8c29aee/Smoke_Grenade.png','2021-05-19 13:12:17'),(45,'GEMINI REPLICATOR','','Unique Ability','https://staticctf.akamaized.net/J3yJr34U2pZ2Ieem48Dwy9uqj5PNUQTn/K8E4EHWbD8wTjVqro6wVl/62339b2fbe1d3a2319dcd320f7a0b070/r6s-operator-ability-iana.png','2021-05-19 13:12:17'),(46,'AUG A2','ASSAULT RIFLE','Primary Weapon','https://staticctf.akamaized.net/J3yJr34U2pZ2Ieem48Dwy9uqj5PNUQTn/1eO39zRe8XxJXH1KZiIWhM/02049ced0fbfa630833e8b0d3c03de07/AUG_A2.png','2021-05-19 13:12:19'),(47,'MP5K','SUBMACHINE GUN','Primary Weapon','https://staticctf.akamaized.net/J3yJr34U2pZ2Ieem48Dwy9uqj5PNUQTn/1pk8nOI7ybQjYOSI4fuzOm/fcd78df0f729be545e75c09aae85c360/MP5K.png','2021-05-19 13:12:19'),(48,'D-40','Handgun','Secondary Weapon','https://staticctf.akamaized.net/J3yJr34U2pZ2Ieem48Dwy9uqj5PNUQTn/4niSMDCeiryoMBXJZq60Vv/48339331d05e289868cf4050c49b1b2b/D-40.png','2021-05-19 13:12:19'),(49,'P12','HANDGUN','Secondary Weapon','https://staticctf.akamaized.net/J3yJr34U2pZ2Ieem48Dwy9uqj5PNUQTn/2mpM7rah7rwEW0bViIirUC/ed9caa4db58421519fa4db390b1aa164/P12.png','2021-05-19 13:12:19'),(50,'PROXIMITY ALARM','','Gadget','https://staticctf.akamaized.net/J3yJr34U2pZ2Ieem48Dwy9uqj5PNUQTn/2TsFLmb2O6LRZpbxzkZDck/c9146913388a9567500b704c95600621/Proximity_alarm.png','2021-05-19 13:12:19'),(51,'Impact Grenade','','Gadget','https://staticctf.akamaized.net/J3yJr34U2pZ2Ieem48Dwy9uqj5PNUQTn/7iJK9B1Vr3PDO3rGftU00l/c3d8edc5564a80580e4ac2f9a4fc3937/Impact_Grenade.png','2021-05-19 13:12:19'),(52,'Mag-net System','','Unique Ability','https://staticctf.akamaized.net/J3yJr34U2pZ2Ieem48Dwy9uqj5PNUQTn/1IKNZzLv63AJd9vlbXj3Bo/883371432ffb22e5bf35bc82dd706384/Mag-net_System.png','2021-05-19 13:12:19'),(53,'CSRX 300','Marksman Rifle','Primary Weapon','https://staticctf.akamaized.net/J3yJr34U2pZ2Ieem48Dwy9uqj5PNUQTn/7tUB9ZNXJhdN6ejAkCEeFQ/99691bcc19f641cf872925905d08a539/CSRX_300.png','2021-05-19 13:12:22'),(54,'SPSMG9','Machine Pistol','Secondary Weapon','https://staticctf.akamaized.net/J3yJr34U2pZ2Ieem48Dwy9uqj5PNUQTn/5EtwSgylXckBNg4n6gDR9J/bc6fc6c5c12ae11da59aee95828ebd76/SPSMG9.png','2021-05-19 13:12:22'),(55,'C75 Auto','Machine Pistol','Secondary Weapon','https://staticctf.akamaized.net/J3yJr34U2pZ2Ieem48Dwy9uqj5PNUQTn/3wUuefwPjU705mZkTdJ9UH/8ccb11884cfa34c176ac5500af139177/C75_Auto.png','2021-05-19 13:12:22'),(56,'Breach Charge','','Gadget','https://staticctf.akamaized.net/J3yJr34U2pZ2Ieem48Dwy9uqj5PNUQTn/1OgTMhyF1FBsSAo4njk26m/9881001e9db03a4806b2eea6007e4a1a/Breach_Charge.png','2021-05-19 13:12:22'),(57,'Claymore','','Gadget','https://staticctf.akamaized.net/J3yJr34U2pZ2Ieem48Dwy9uqj5PNUQTn/4T4H5EJgUxorucGVtU2pkm/74fef324b89c220ce6426e8097f915b9/Claymore.png','2021-05-19 13:12:22'),(58,'LV Explosive Lance','','Unique Ability','https://staticctf.akamaized.net/J3yJr34U2pZ2Ieem48Dwy9uqj5PNUQTn/75eebt48ELO4eGGdIMVMpY/9533c7dc8f36651f5b5ad50c8ccb6c5a/LV_Explosive_Lance.png','2021-05-19 13:12:22'),(59,'G8A1','Light Machine Gun','Primary Weapon','https://staticctf.akamaized.net/J3yJr34U2pZ2Ieem48Dwy9uqj5PNUQTn/4TIb7oeJesaROOOfTlCBaZ/ffd6a802f9a779a0d39b2122c49b3254/G8A1.png','2021-05-19 13:12:24'),(60,'SuperNova','SHOTGUN','Primary Weapon','https://staticctf.akamaized.net/J3yJr34U2pZ2Ieem48Dwy9uqj5PNUQTn/2tpjCRFLcc3hogjJGbKDsi/5ad0ab63b7245022aca5c1c1fb42d473/SuperNova.png','2021-05-19 13:12:24'),(61,'Gonne-6','Hand Cannon','Secondary Weapon','https://staticctf.akamaized.net/J3yJr34U2pZ2Ieem48Dwy9uqj5PNUQTn/23AlSVw8MwI1y3ZakEfqgW/c4561ae6e8da8db2627a146b8b55ee6c/GONNE-6_HUD_Icon__1_.png','2021-05-19 13:12:24'),(62,'SMG-11','Machine Pistol','Secondary Weapon','https://staticctf.akamaized.net/J3yJr34U2pZ2Ieem48Dwy9uqj5PNUQTn/3WExw7Kepz9uAiWAbWW457/875fc631a3cf9fcc2849d9db2989cbcd/SMG-11.png','2021-05-19 13:12:24'),(63,'Stun Grenade','','Gadget','https://staticctf.akamaized.net/J3yJr34U2pZ2Ieem48Dwy9uqj5PNUQTn/3XnK8s1iQJQu5cfr6UyQfK/429480b96d6d6d6b830c32c75d2608f5/Stun_Grenade.png','2021-05-19 13:12:24'),(64,'HARD BREACH CHARGE','','Gadget','https://staticctf.akamaized.net/J3yJr34U2pZ2Ieem48Dwy9uqj5PNUQTn/3OvnVPWY1UyrDE913kU0a1/eae4b2a1584234ea2ff4ad6481239f3b/SecondaryBreacher.png','2021-05-19 13:12:24'),(65,'Garra Hook','','Unique Ability','https://staticctf.akamaized.net/J3yJr34U2pZ2Ieem48Dwy9uqj5PNUQTn/3WejtMAtiITfpjDMuq6j4t/b52e58da6b2625839aa23f940c8e6639/Garra-Hook.png','2021-05-19 13:12:24'),(66,'Vector .45 ACP','SUBMACHINE GUN','Primary Weapon','https://staticctf.akamaized.net/J3yJr34U2pZ2Ieem48Dwy9uqj5PNUQTn/7D1cDf13FqUhoLihzvuPln/068aa7e507155598449c58c0a49a90d6/Vector_.45_ACP.png','2021-05-19 13:12:27'),(67,'TCSG12','SHOTGUN','Primary Weapon','https://staticctf.akamaized.net/J3yJr34U2pZ2Ieem48Dwy9uqj5PNUQTn/2NDbY7BTBJ9R09LUilTlRf/3728337cd3ba14ed6ab9de0c22e879af/TCSG12.png','2021-05-19 13:12:27'),(68,'P229 RC','HANDGUN','Secondary Weapon','https://staticctf.akamaized.net/J3yJr34U2pZ2Ieem48Dwy9uqj5PNUQTn/76ja0RxqzHW9PpvWgpG7Sk/cb753b50b20fe67deaef54d8b2a46b54/P229.png','2021-05-19 13:12:27'),(69,'PROXIMITY ALARM','','Gadget','https://staticctf.akamaized.net/J3yJr34U2pZ2Ieem48Dwy9uqj5PNUQTn/2TsFLmb2O6LRZpbxzkZDck/c9146913388a9567500b704c95600621/Proximity_alarm.png','2021-05-19 13:12:27'),(70,'Nitro Cell','','Gadget','https://staticctf.akamaized.net/J3yJr34U2pZ2Ieem48Dwy9uqj5PNUQTn/4pBSTw9U6l9GRnT12G6Xln/e0991bc03b48d217f510af8b611c8828/Nitro_Cell.png','2021-05-19 13:12:27'),(71,'Volcan Shield','','Unique Ability','https://staticctf.akamaized.net/J3yJr34U2pZ2Ieem48Dwy9uqj5PNUQTn/1JqlRdbaVA73jDq8y46vX4/82e89f39c479526ace294ba246d0b085/Volcan-Shield.png','2021-05-19 13:12:27'),(72,'FMG-9','SUBMACHINE GUN','Primary Weapon','https://staticctf.akamaized.net/J3yJr34U2pZ2Ieem48Dwy9uqj5PNUQTn/0oneJNsBR06QjuowxwtHG/bd3b391c6eec2bd615f2ed83197a13ac/FMG-9.png','2021-05-19 13:12:29'),(73,'SIX12 SD','SHOTGUN','Primary Weapon','https://staticctf.akamaized.net/J3yJr34U2pZ2Ieem48Dwy9uqj5PNUQTn/1GTua079Xbtkpjhx96sRsW/079ed1a71a0d12b5e48e1b0d40b87110/SIX12_SD.png','2021-05-19 13:12:29'),(74,'5.7 USG','HANDGUN','Secondary Weapon','https://staticctf.akamaized.net/J3yJr34U2pZ2Ieem48Dwy9uqj5PNUQTn/tkYcSAJSe5yGkeUhzZqBO/e81feb86df4a7eb6951052bec26b6ed7/5.7_USG.png','2021-05-19 13:12:29'),(75,'D-50','HANDGUN','Secondary Weapon','https://staticctf.akamaized.net/J3yJr34U2pZ2Ieem48Dwy9uqj5PNUQTn/6mMQRDsrComRFa7bC6cNkG/8cd17e545e3d28dcc11a040d000cfa16/D-50.png','2021-05-19 13:12:29'),(76,'HARD BREACH CHARGE','','Gadget','https://staticctf.akamaized.net/J3yJr34U2pZ2Ieem48Dwy9uqj5PNUQTn/3OvnVPWY1UyrDE913kU0a1/eae4b2a1584234ea2ff4ad6481239f3b/SecondaryBreacher.png','2021-05-19 13:12:29'),(77,'Frag Grenade','','Gadget','https://staticctf.akamaized.net/J3yJr34U2pZ2Ieem48Dwy9uqj5PNUQTn/4GZsPHbm9H0k5EWz7TMkwO/33b9007bc6ee03dab15cfa15eb69e096/Frag_Grenade.png','2021-05-19 13:12:29'),(78,'HEL Presence Reduction','','Unique Ability','https://staticctf.akamaized.net/J3yJr34U2pZ2Ieem48Dwy9uqj5PNUQTn/57miqbOn8xWBh7ne7za3CV/35364108d49380a0ed33998f970e104f/HEL-Presence-Reduction.png','2021-05-19 13:12:29'),(79,'M590A1','SHOTGUN','Primary Weapon','https://staticctf.akamaized.net/J3yJr34U2pZ2Ieem48Dwy9uqj5PNUQTn/2zRHmgqENNiZqXQxC9Rsbj/e6542407c642f9b7c5a4546afb6db30a/M590A1.png','2021-05-19 13:12:31'),(80,'MPX','SUBMACHINE GUN','Primary Weapon','https://staticctf.akamaized.net/J3yJr34U2pZ2Ieem48Dwy9uqj5PNUQTn/5HFewpAJ8npDDCKFnEadhL/d398bb477d6b56fe41bfdb5862ed31c0/MPX.png','2021-05-19 13:12:31'),(81,'P-10C','HANDGUN','Secondary Weapon','https://staticctf.akamaized.net/J3yJr34U2pZ2Ieem48Dwy9uqj5PNUQTn/2l4qwB50zSFhFZVYRLNwqg/20df8114f69f96f2adc54779ccc5bbaa/P-10C.png','2021-05-19 13:12:31'),(82,'SMG-12','Machine Pistol','Secondary Weapon','https://staticctf.akamaized.net/J3yJr34U2pZ2Ieem48Dwy9uqj5PNUQTn/EwJgB7KdgOb6dDm7ro33u/b73f0890f992c1a365210f08efcc6db5/SMG-12.png','2021-05-19 13:12:31'),(83,'Deployable Shield','','Gadget','https://staticctf.akamaized.net/J3yJr34U2pZ2Ieem48Dwy9uqj5PNUQTn/W0WE0X2VQlxwWIAFCJ6Jm/523650a39de5a23dd9520d7299c9e25a/Deployable_Shield.png','2021-05-19 13:12:31'),(84,'Nitro Cell','','Gadget','https://staticctf.akamaized.net/J3yJr34U2pZ2Ieem48Dwy9uqj5PNUQTn/4pBSTw9U6l9GRnT12G6Xln/e0991bc03b48d217f510af8b611c8828/Nitro_Cell.png','2021-05-19 13:12:31'),(85,'Glance Smart Glasses','','Unique Ability','https://staticctf.akamaized.net/J3yJr34U2pZ2Ieem48Dwy9uqj5PNUQTn/40RkJUEmmBCf7bmfTL8ao1/1d973adfe4d002c94655d9818776fb41/Glance-Smart-Glasses.png','2021-05-19 13:12:31'),(86,'Commando 9','ASSAULT RIFLE','Primary Weapon','https://staticctf.akamaized.net/J3yJr34U2pZ2Ieem48Dwy9uqj5PNUQTn/4P9dpUph5w3MSsLNnW6be/04baba24990fcb75a9c0bcfd01b7d190/Commando_9.png','2021-05-19 13:12:34'),(87,'P10 RONI','SUBMACHINE GUN','Primary Weapon','https://staticctf.akamaized.net/J3yJr34U2pZ2Ieem48Dwy9uqj5PNUQTn/7K86OBjL3zmYWt0ZvUcCLj/16a947334e39f27da177d787773593e4/r6-operator-weapon-smg-p10roni.png','2021-05-19 13:12:34'),(88,'SDP 9mm','HANDGUN','Secondary Weapon','https://staticctf.akamaized.net/J3yJr34U2pZ2Ieem48Dwy9uqj5PNUQTn/Tgsdyz3XEqmgUYi9aZZgb/6755f4da7af7a7179ffab92acf8d477e/SDP_9mm.png','2021-05-19 13:12:34'),(89,'Barbed Wire','','Gadget','https://staticctf.akamaized.net/J3yJr34U2pZ2Ieem48Dwy9uqj5PNUQTn/7igaibxuCcSpWDkZensEJS/bfa2cef52f3d860b7a06c2b4d7a6340e/Barbed_wire.png','2021-05-19 13:12:34'),(90,'Nitro Cell','','Gadget','https://staticctf.akamaized.net/J3yJr34U2pZ2Ieem48Dwy9uqj5PNUQTn/4pBSTw9U6l9GRnT12G6Xln/e0991bc03b48d217f510af8b611c8828/Nitro_Cell.png','2021-05-19 13:12:34'),(91,'Pest Launcher','','Unique Ability','https://staticctf.akamaized.net/J3yJr34U2pZ2Ieem48Dwy9uqj5PNUQTn/5L0fFKVOwozKMcmJoenfef/56e4efdf77363556b35a76fd4e0e60f6/Pest-Launcher.png','2021-05-19 13:12:34'),(92,'F90','ASSAULT RIFLE','Primary Weapon','https://staticctf.akamaized.net/J3yJr34U2pZ2Ieem48Dwy9uqj5PNUQTn/62tE3th2ThcGHlrcqWkmEX/d69c9de199542e25fa55f6d293f15671/r6-operator-weapon-ar-f90.png','2021-05-19 13:12:37'),(93,'M249 SAW','Light Machine Gun','Primary Weapon','https://staticctf.akamaized.net/J3yJr34U2pZ2Ieem48Dwy9uqj5PNUQTn/3p0oG7GsLIoHaRullf7xsF/e2a9e135af63e8897355023cd34538c4/M249_SAW.png','2021-05-19 13:12:37'),(94,'Super Shorty','SHOTGUN','Secondary Weapon','https://staticctf.akamaized.net/J3yJr34U2pZ2Ieem48Dwy9uqj5PNUQTn/7Dq8LDmIxAveRqXM17orUW/cbd96b47cd8ca74a7827b16ef73fe7cf/r6-operator-weapon-sa-supershorty.png','2021-05-19 13:12:37'),(95,'SDP 9mm','HANDGUN','Secondary Weapon','https://staticctf.akamaized.net/J3yJr34U2pZ2Ieem48Dwy9uqj5PNUQTn/Tgsdyz3XEqmgUYi9aZZgb/6755f4da7af7a7179ffab92acf8d477e/SDP_9mm.png','2021-05-19 13:12:37'),(96,'Gonne-6','Hand Cannon','Secondary Weapon','https://staticctf.akamaized.net/J3yJr34U2pZ2Ieem48Dwy9uqj5PNUQTn/23AlSVw8MwI1y3ZakEfqgW/c4561ae6e8da8db2627a146b8b55ee6c/GONNE-6_HUD_Icon__1_.png','2021-05-19 13:12:37'),(97,'Smoke Grenade','','Gadget','https://staticctf.akamaized.net/J3yJr34U2pZ2Ieem48Dwy9uqj5PNUQTn/3LaxoSLC49T5vgKnUAlTLT/c47c4636845a04478432c48be8c29aee/Smoke_Grenade.png','2021-05-19 13:12:37'),(98,'Breach Charge','','Gadget','https://staticctf.akamaized.net/J3yJr34U2pZ2Ieem48Dwy9uqj5PNUQTn/1OgTMhyF1FBsSAo4njk26m/9881001e9db03a4806b2eea6007e4a1a/Breach_Charge.png','2021-05-19 13:12:37'),(99,'Trax Stingers','','Unique Ability','https://staticctf.akamaized.net/J3yJr34U2pZ2Ieem48Dwy9uqj5PNUQTn/QGVvmZeZ91FC2X4mvMzgn/601fa45e635872aea31f15ffebb9c366/Trax-Stingers.png','2021-05-19 13:12:37'),(100,'AK-74M','ASSAULT RIFLE','Primary Weapon','https://staticctf.akamaized.net/J3yJr34U2pZ2Ieem48Dwy9uqj5PNUQTn/1j5HiQP8aFphTe65fqDdg0/23eecb5c603c5ba9f59fc6cbc5e4a531/AK-74M.png','2021-05-19 13:12:39'),(101,'ARX200','ASSAULT RIFLE','Primary Weapon','https://staticctf.akamaized.net/J3yJr34U2pZ2Ieem48Dwy9uqj5PNUQTn/6VgkPBsr1WApI3rWc9kcM0/b18b8e25f3e951e8e722213f2ee59eb0/ARX200.png','2021-05-19 13:12:39'),(102,'PRB92','HANDGUN','Secondary Weapon','https://staticctf.akamaized.net/J3yJr34U2pZ2Ieem48Dwy9uqj5PNUQTn/dl28J1HsE7mzhj66pmd5D/b8d8fc48d2dde13154047de94abbd8ca/PRB92.png','2021-05-19 13:12:39'),(103,'.44 MAG SEMI-AUTO','HANDGUN','Secondary Weapon','https://staticctf.akamaized.net/J3yJr34U2pZ2Ieem48Dwy9uqj5PNUQTn/6W3Jz0YcQzbZ6BOPr7VVel/4c67f342964132a652f7d5821e887050/.44_Mag_Semi-Auto.png','2021-05-19 13:12:39'),(104,'Breach Charge','','Gadget','https://staticctf.akamaized.net/J3yJr34U2pZ2Ieem48Dwy9uqj5PNUQTn/1OgTMhyF1FBsSAo4njk26m/9881001e9db03a4806b2eea6007e4a1a/Breach_Charge.png','2021-05-19 13:12:39'),(105,'Stun Grenade','','Gadget','https://staticctf.akamaized.net/J3yJr34U2pZ2Ieem48Dwy9uqj5PNUQTn/3XnK8s1iQJQu5cfr6UyQfK/429480b96d6d6d6b830c32c75d2608f5/Stun_Grenade.png','2021-05-19 13:12:39'),(106,'Airjab Launcher','','Unique Ability','https://staticctf.akamaized.net/J3yJr34U2pZ2Ieem48Dwy9uqj5PNUQTn/6d0LN1QWzviEkcYu3mTn6v/e49511a479756f71224f14225ad9cbd8/Airjab-Launcher.png','2021-05-19 13:12:39'),(107,'AUG A3','SUBMACHINE GUN','Primary Weapon','https://staticctf.akamaized.net/J3yJr34U2pZ2Ieem48Dwy9uqj5PNUQTn/3W9XJdMOgpHSw55HfwRSAv/cf8f220678d503e6c3e535c00b2e636a/AUG_A3.png','2021-05-19 13:12:42'),(108,'TCSG12','SHOTGUN','Primary Weapon','https://staticctf.akamaized.net/J3yJr34U2pZ2Ieem48Dwy9uqj5PNUQTn/2NDbY7BTBJ9R09LUilTlRf/3728337cd3ba14ed6ab9de0c22e879af/TCSG12.png','2021-05-19 13:12:42'),(109,'.44 MAG SEMI-AUTO','HANDGUN','Secondary Weapon','https://staticctf.akamaized.net/J3yJr34U2pZ2Ieem48Dwy9uqj5PNUQTn/6W3Jz0YcQzbZ6BOPr7VVel/4c67f342964132a652f7d5821e887050/.44_Mag_Semi-Auto.png','2021-05-19 13:12:42'),(110,'LFP586','HANDGUN','Secondary Weapon','https://staticctf.akamaized.net/J3yJr34U2pZ2Ieem48Dwy9uqj5PNUQTn/1zc7UtdBfCZakwbiYqBvSz/1fd3f1584de38ca7c9315d498f094276/LFP586.png','2021-05-19 13:12:42'),(111,'Barbed Wire','','Gadget','https://staticctf.akamaized.net/J3yJr34U2pZ2Ieem48Dwy9uqj5PNUQTn/7igaibxuCcSpWDkZensEJS/bfa2cef52f3d860b7a06c2b4d7a6340e/Barbed_wire.png','2021-05-19 13:12:42'),(112,'Nitro Cell','','Gadget','https://staticctf.akamaized.net/J3yJr34U2pZ2Ieem48Dwy9uqj5PNUQTn/4pBSTw9U6l9GRnT12G6Xln/e0991bc03b48d217f510af8b611c8828/Nitro_Cell.png','2021-05-19 13:12:42'),(113,'&quot;Rtila&quot; Electroclaw','','Unique Ability','https://staticctf.akamaized.net/J3yJr34U2pZ2Ieem48Dwy9uqj5PNUQTn/7rUOk2LhYIUjvYLot7GT8Y/94b72bfbbfdf50c2c807cdbf9f5b276e/Rtila-Electroclaw.png','2021-05-19 13:12:42'),(114,'CCE Shield','','Primary Weapon','https://staticctf.akamaized.net/J3yJr34U2pZ2Ieem48Dwy9uqj5PNUQTn/5mmGgrYdJJHw2moBIEW9An/64e9727d959d7afdbb4fb06e2f75574a/CCE_Shield.png','2021-05-19 13:12:44'),(115,'P-10C','HANDGUN','Secondary Weapon','https://staticctf.akamaized.net/J3yJr34U2pZ2Ieem48Dwy9uqj5PNUQTn/2l4qwB50zSFhFZVYRLNwqg/20df8114f69f96f2adc54779ccc5bbaa/P-10C.png','2021-05-19 13:12:44'),(116,'SPSMG9','Machine Pistol','Secondary Weapon','https://staticctf.akamaized.net/J3yJr34U2pZ2Ieem48Dwy9uqj5PNUQTn/5EtwSgylXckBNg4n6gDR9J/bc6fc6c5c12ae11da59aee95828ebd76/SPSMG9.png','2021-05-19 13:12:44'),(117,'Barbed Wire','','Gadget','https://staticctf.akamaized.net/J3yJr34U2pZ2Ieem48Dwy9uqj5PNUQTn/7igaibxuCcSpWDkZensEJS/bfa2cef52f3d860b7a06c2b4d7a6340e/Barbed_wire.png','2021-05-19 13:12:44'),(118,'Impact Grenade','','Gadget','https://staticctf.akamaized.net/J3yJr34U2pZ2Ieem48Dwy9uqj5PNUQTn/7iJK9B1Vr3PDO3rGftU00l/c3d8edc5564a80580e4ac2f9a4fc3937/Impact_Grenade.png','2021-05-19 13:12:44'),(119,'CCE Shield','','Unique Ability','https://staticctf.akamaized.net/J3yJr34U2pZ2Ieem48Dwy9uqj5PNUQTn/1jck6fnzAMbMQrUMVsnA0M/d04a60eab0132e6bcc202a4f99186cdd/CCE-Shield.png','2021-05-19 13:12:44'),(120,'AR-15.50','ASSAULT RIFLE','Primary Weapon','https://staticctf.akamaized.net/J3yJr34U2pZ2Ieem48Dwy9uqj5PNUQTn/4lGGEGZLkbldz114Wl5hCo/78a04c46654f80fae03e730bd79f3563/AR-15.50.png','2021-05-19 13:12:46'),(121,'M4 GS','ASSAULT RIFLE','Primary Weapon','https://staticctf.akamaized.net/J3yJr34U2pZ2Ieem48Dwy9uqj5PNUQTn/3jhi90ycmuc8mAiuSXFoCi/bcf354459e7becd6ede52ee97917c832/M4.png','2021-05-19 13:12:46'),(122,'1911 TACOPS','HANDGUN','Secondary Weapon','https://staticctf.akamaized.net/J3yJr34U2pZ2Ieem48Dwy9uqj5PNUQTn/189UukZ6fVnvQR6LJtLYry/6eec29603d5b7b0ca8cab6ac0ef083ac/1911_TACOPS.png','2021-05-19 13:12:46'),(123,'Frag Grenade','','Gadget','https://staticctf.akamaized.net/J3yJr34U2pZ2Ieem48Dwy9uqj5PNUQTn/4GZsPHbm9H0k5EWz7TMkwO/33b9007bc6ee03dab15cfa15eb69e096/Frag_Grenade.png','2021-05-19 13:12:46'),(124,'Claymore','','Gadget','https://staticctf.akamaized.net/J3yJr34U2pZ2Ieem48Dwy9uqj5PNUQTn/4T4H5EJgUxorucGVtU2pkm/74fef324b89c220ce6426e8097f915b9/Claymore.png','2021-05-19 13:12:46'),(125,'Breaching Torch','','Unique Ability','https://staticctf.akamaized.net/J3yJr34U2pZ2Ieem48Dwy9uqj5PNUQTn/4rPBvxDKsKiQCMjt7GxJMw/09e45c68bbc41c1721acbbe0257e2465/Breaching-Torch.png','2021-05-19 13:12:46'),(126,'ALDA 5.56','Light Machine Gun','Primary Weapon','https://staticctf.akamaized.net/J3yJr34U2pZ2Ieem48Dwy9uqj5PNUQTn/39yB6TFl9ph6Rb4bDV4lqK/7f9b3abf8dff19bacc026a7212849ca4/ALDA_5.56.png','2021-05-19 13:12:49'),(127,'ACS12','SHOTGUN','Primary Weapon','https://staticctf.akamaized.net/J3yJr34U2pZ2Ieem48Dwy9uqj5PNUQTn/13z63kT1NLzn1U99o7WC4T/8655d3200f24b87246c36f2622603457/ACS12_PB.png','2021-05-19 13:12:49'),(128,'Keratos .357','HANDGUN','Secondary Weapon','https://staticctf.akamaized.net/J3yJr34U2pZ2Ieem48Dwy9uqj5PNUQTn/15caVAsSCr8Rsb5Hid36uc/59632c4f90727931041ced62a620018b/Keratos_.357.png','2021-05-19 13:12:49'),(129,'Bailiff 410','HANDGUN','Secondary Weapon','https://staticctf.akamaized.net/J3yJr34U2pZ2Ieem48Dwy9uqj5PNUQTn/N8FLbo4fsNyBe8msKgRhT/8f403dc0b58087bcafab786dd95ba33f/Bailiff_410.png','2021-05-19 13:12:49'),(130,'Barbed Wire','','Gadget','https://staticctf.akamaized.net/J3yJr34U2pZ2Ieem48Dwy9uqj5PNUQTn/7igaibxuCcSpWDkZensEJS/bfa2cef52f3d860b7a06c2b4d7a6340e/Barbed_wire.png','2021-05-19 13:12:49'),(131,'Impact Grenade','','Gadget','https://staticctf.akamaized.net/J3yJr34U2pZ2Ieem48Dwy9uqj5PNUQTn/7iJK9B1Vr3PDO3rGftU00l/c3d8edc5564a80580e4ac2f9a4fc3937/Impact_Grenade.png','2021-05-19 13:12:49'),(132,'Evil Eye','','Unique Ability','https://staticctf.akamaized.net/J3yJr34U2pZ2Ieem48Dwy9uqj5PNUQTn/n2rfPidCv630jQEfnEWwb/42d454d0771218eb8f27f6d17d8a073e/Evil-Eye.png','2021-05-19 13:12:49'),(133,'Mx4 Storm','SUBMACHINE GUN','Primary Weapon','https://staticctf.akamaized.net/J3yJr34U2pZ2Ieem48Dwy9uqj5PNUQTn/4qRh1frGkQZxNyeKA4D6n1/20f89cd1d9953f06207b7340ea77fb17/Mx4_Storm.png','2021-05-19 13:12:51'),(134,'ACS12','SHOTGUN','Primary Weapon','https://staticctf.akamaized.net/J3yJr34U2pZ2Ieem48Dwy9uqj5PNUQTn/13z63kT1NLzn1U99o7WC4T/8655d3200f24b87246c36f2622603457/ACS12_PB.png','2021-05-19 13:12:51'),(135,'Keratos .357','HANDGUN','Secondary Weapon','https://staticctf.akamaized.net/J3yJr34U2pZ2Ieem48Dwy9uqj5PNUQTn/15caVAsSCr8Rsb5Hid36uc/59632c4f90727931041ced62a620018b/Keratos_.357.png','2021-05-19 13:12:51'),(136,'Bailiff 410','HANDGUN','Secondary Weapon','https://staticctf.akamaized.net/J3yJr34U2pZ2Ieem48Dwy9uqj5PNUQTn/N8FLbo4fsNyBe8msKgRhT/8f403dc0b58087bcafab786dd95ba33f/Bailiff_410.png','2021-05-19 13:12:51'),(137,'Impact Grenade','','Gadget','https://staticctf.akamaized.net/J3yJr34U2pZ2Ieem48Dwy9uqj5PNUQTn/7iJK9B1Vr3PDO3rGftU00l/c3d8edc5564a80580e4ac2f9a4fc3937/Impact_Grenade.png','2021-05-19 13:12:51'),(138,'Deployable Shield','','Gadget','https://staticctf.akamaized.net/J3yJr34U2pZ2Ieem48Dwy9uqj5PNUQTn/W0WE0X2VQlxwWIAFCJ6Jm/523650a39de5a23dd9520d7299c9e25a/Deployable_Shield.png','2021-05-19 13:12:52'),(139,'Prisma','','Unique Ability','https://staticctf.akamaized.net/J3yJr34U2pZ2Ieem48Dwy9uqj5PNUQTn/7sJYir66zAPq2omSvYeT2u/8fbe3370d32fb5433fb6d3a86d46a1b9/Prisma.png','2021-05-19 13:12:52'),(140,'V308','ASSAULT RIFLE','Primary Weapon','https://staticctf.akamaized.net/J3yJr34U2pZ2Ieem48Dwy9uqj5PNUQTn/5YBZe76NUDO32eF66wW90g/488c315743d59230962a4d67618223d6/V308.png','2021-05-19 13:12:54'),(141,'417','Marksman Rifle','Primary Weapon','https://staticctf.akamaized.net/J3yJr34U2pZ2Ieem48Dwy9uqj5PNUQTn/5djkS4YtAtOF0vBmg0T60x/ea2b1ff7e5367e66c99bc7ad7e95bfe3/417.png','2021-05-19 13:12:54'),(142,'SG-CQB','SHOTGUN','Primary Weapon','https://staticctf.akamaized.net/J3yJr34U2pZ2Ieem48Dwy9uqj5PNUQTn/5JoL3b36Fsztt9Q2XYmrbJ/dacec96948d3f8fe92914a69b9aac593/SG-CQB.png','2021-05-19 13:12:54'),(143,'Gonne-6','Hand Cannon','Secondary Weapon','https://staticctf.akamaized.net/J3yJr34U2pZ2Ieem48Dwy9uqj5PNUQTn/23AlSVw8MwI1y3ZakEfqgW/c4561ae6e8da8db2627a146b8b55ee6c/GONNE-6_HUD_Icon__1_.png','2021-05-19 13:12:54'),(144,'LFP586','HANDGUN','Secondary Weapon','https://staticctf.akamaized.net/J3yJr34U2pZ2Ieem48Dwy9uqj5PNUQTn/1zc7UtdBfCZakwbiYqBvSz/1fd3f1584de38ca7c9315d498f094276/LFP586.png','2021-05-19 13:12:54'),(145,'Stun Grenade','','Gadget','https://staticctf.akamaized.net/J3yJr34U2pZ2Ieem48Dwy9uqj5PNUQTn/3XnK8s1iQJQu5cfr6UyQfK/429480b96d6d6d6b830c32c75d2608f5/Stun_Grenade.png','2021-05-19 13:12:54'),(146,'Claymore','','Gadget','https://staticctf.akamaized.net/J3yJr34U2pZ2Ieem48Dwy9uqj5PNUQTn/4T4H5EJgUxorucGVtU2pkm/74fef324b89c220ce6426e8097f915b9/Claymore.png','2021-05-19 13:12:54'),(147,'EE-ONE-D','','Unique Ability','https://staticctf.akamaized.net/J3yJr34U2pZ2Ieem48Dwy9uqj5PNUQTn/7fRknnWl2K2qjKle1t79j/0506d25798aeb0691c8a576665050f7d/EE-ONE-D.png','2021-05-19 13:12:54'),(148,'Spear .308','ASSAULT RIFLE','Primary Weapon','https://staticctf.akamaized.net/J3yJr34U2pZ2Ieem48Dwy9uqj5PNUQTn/29LjYuJ4s6yA8k9Uv2u28C/89ec812559e7d74b7c269279f4c46d92/Spear_.308.png','2021-05-19 13:12:57'),(149,'6P41','Light Machine Gun','Primary Weapon','https://staticctf.akamaized.net/J3yJr34U2pZ2Ieem48Dwy9uqj5PNUQTn/1wxS2HOCvoPAfnJEDFWjfw/7feddb98582ec37b500243d3f3e19eca/6P41.png','2021-05-19 13:12:57'),(150,'SASG-12','SHOTGUN','Primary Weapon','https://staticctf.akamaized.net/J3yJr34U2pZ2Ieem48Dwy9uqj5PNUQTn/2Q6mL4CbifmIgifV2yV3Hi/2bb2b323f055b03a2c1ba516c262c24e/SASG-12.png','2021-05-19 13:12:57'),(151,'PMM','HANDGUN','Secondary Weapon','https://staticctf.akamaized.net/J3yJr34U2pZ2Ieem48Dwy9uqj5PNUQTn/3y4LIwwm8YNQHAv8oOkWCK/a2375901cee34e68fa39c976d85de8aa/PMM.png','2021-05-19 13:12:57'),(152,'Gonne-6','Hand Cannon','Secondary Weapon','https://staticctf.akamaized.net/J3yJr34U2pZ2Ieem48Dwy9uqj5PNUQTn/23AlSVw8MwI1y3ZakEfqgW/c4561ae6e8da8db2627a146b8b55ee6c/GONNE-6_HUD_Icon__1_.png','2021-05-19 13:12:57'),(153,'HARD BREACH CHARGE','','Gadget','https://staticctf.akamaized.net/J3yJr34U2pZ2Ieem48Dwy9uqj5PNUQTn/3OvnVPWY1UyrDE913kU0a1/eae4b2a1584234ea2ff4ad6481239f3b/SecondaryBreacher.png','2021-05-19 13:12:57'),(154,'Stun Grenade','','Gadget','https://staticctf.akamaized.net/J3yJr34U2pZ2Ieem48Dwy9uqj5PNUQTn/3XnK8s1iQJQu5cfr6UyQfK/429480b96d6d6d6b830c32c75d2608f5/Stun_Grenade.png','2021-05-19 13:12:57'),(155,'Adrenal Surge','','Unique Ability','https://staticctf.akamaized.net/J3yJr34U2pZ2Ieem48Dwy9uqj5PNUQTn/9xGRNPNznBKssvgQAtQNQ/9352fc88f2911ab40789412856b3e20e/Adrenal-Surge.png','2021-05-19 13:12:57'),(156,'K1A','SUBMACHINE GUN','Primary Weapon','https://staticctf.akamaized.net/J3yJr34U2pZ2Ieem48Dwy9uqj5PNUQTn/5mUa2p8WXbiyD71qUI8sGk/ed753b6f0ae30ab5737486dfcf32ee9f/K1A.png','2021-05-19 13:12:59'),(157,'BOSG.12.2','SHOTGUN','Primary Weapon','https://staticctf.akamaized.net/J3yJr34U2pZ2Ieem48Dwy9uqj5PNUQTn/2ZjVndetsX8WEn5ZfyUQa0/e3a781be7eab22876d25f748e8fd0f5a/BOSG.12.2.png','2021-05-19 13:12:59'),(158,'C75 Auto','Machine Pistol','Secondary Weapon','https://staticctf.akamaized.net/J3yJr34U2pZ2Ieem48Dwy9uqj5PNUQTn/3wUuefwPjU705mZkTdJ9UH/8ccb11884cfa34c176ac5500af139177/C75_Auto.png','2021-05-19 13:12:59'),(159,'SMG-12','Machine Pistol','Secondary Weapon','https://staticctf.akamaized.net/J3yJr34U2pZ2Ieem48Dwy9uqj5PNUQTn/EwJgB7KdgOb6dDm7ro33u/b73f0890f992c1a365210f08efcc6db5/SMG-12.png','2021-05-19 13:12:59'),(160,'Bulletproof camera','','Gadget','https://staticctf.akamaized.net/J3yJr34U2pZ2Ieem48Dwy9uqj5PNUQTn/gZuOXvuTu2i8hQX0B6auy/259f379a6283bae618443d722a896f1a/Bulletproof_camera.png','2021-05-19 13:12:59'),(161,'Impact Grenade','','Gadget','https://staticctf.akamaized.net/J3yJr34U2pZ2Ieem48Dwy9uqj5PNUQTn/7iJK9B1Vr3PDO3rGftU00l/c3d8edc5564a80580e4ac2f9a4fc3937/Impact_Grenade.png','2021-05-19 13:12:59'),(162,'ERC-7','','Unique Ability','https://staticctf.akamaized.net/J3yJr34U2pZ2Ieem48Dwy9uqj5PNUQTn/6WbhiNk0evsKWChPneCES6/af08476e2f917878e0326727d2d5fb8a/ERC-7.png','2021-05-19 13:12:59'),(163,'Mk 14 EBR','Marksman Rifle','Primary Weapon','https://staticctf.akamaized.net/J3yJr34U2pZ2Ieem48Dwy9uqj5PNUQTn/6KIMqp5dA95z1RI3PrG9jv/eb939638169811a3fa858a44e6e5d97e/Mk_14_EBR.png','2021-05-19 13:13:01'),(164,'BOSG.12.2','SHOTGUN','Primary Weapon','https://staticctf.akamaized.net/J3yJr34U2pZ2Ieem48Dwy9uqj5PNUQTn/2ZjVndetsX8WEn5ZfyUQa0/e3a781be7eab22876d25f748e8fd0f5a/BOSG.12.2.png','2021-05-19 13:13:01'),(165,'Gonne-6','Hand Cannon','Secondary Weapon','https://staticctf.akamaized.net/J3yJr34U2pZ2Ieem48Dwy9uqj5PNUQTn/23AlSVw8MwI1y3ZakEfqgW/c4561ae6e8da8db2627a146b8b55ee6c/GONNE-6_HUD_Icon__1_.png','2021-05-19 13:13:01'),(166,'SMG-12','Machine Pistol','Secondary Weapon','https://staticctf.akamaized.net/J3yJr34U2pZ2Ieem48Dwy9uqj5PNUQTn/EwJgB7KdgOb6dDm7ro33u/b73f0890f992c1a365210f08efcc6db5/SMG-12.png','2021-05-19 13:13:01'),(167,'Smoke Grenade','','Gadget','https://staticctf.akamaized.net/J3yJr34U2pZ2Ieem48Dwy9uqj5PNUQTn/3LaxoSLC49T5vgKnUAlTLT/c47c4636845a04478432c48be8c29aee/Smoke_Grenade.png','2021-05-19 13:13:01'),(168,'Stun Grenade','','Gadget','https://staticctf.akamaized.net/J3yJr34U2pZ2Ieem48Dwy9uqj5PNUQTn/3XnK8s1iQJQu5cfr6UyQfK/429480b96d6d6d6b830c32c75d2608f5/Stun_Grenade.png','2021-05-19 13:13:01'),(169,'Logic Bomb','','Unique Ability','https://staticctf.akamaized.net/J3yJr34U2pZ2Ieem48Dwy9uqj5PNUQTn/5ej2g1iCMHdfjn8h8qgfmU/bf07fef4b063a46389ca650ed02b292a/Logic-Bomb.png','2021-05-19 13:13:01'),(170,'LMG-E','Light Machine Gun','Primary Weapon','https://staticctf.akamaized.net/J3yJr34U2pZ2Ieem48Dwy9uqj5PNUQTn/7JVJIew6t3iKwgByvrFXyi/7ba44dfda28b525506633e453104a604/LMG-E.png','2021-05-19 13:13:04'),(171,'M762','ASSAULT RIFLE','Primary Weapon','https://staticctf.akamaized.net/J3yJr34U2pZ2Ieem48Dwy9uqj5PNUQTn/4oWAgi7tgQP1Tq0HooRtye/9109a74921ee17610d4bd85a61582823/M762.png','2021-05-19 13:13:04'),(172,'RG15','HANDGUN','Secondary Weapon','https://staticctf.akamaized.net/J3yJr34U2pZ2Ieem48Dwy9uqj5PNUQTn/2LNSsp7B7wUnnPUweir7Jm/9f66d53be7a63a17a55253a0bea6eec1/RG15.png','2021-05-19 13:13:04'),(173,'Breach Charge','','Gadget','https://staticctf.akamaized.net/J3yJr34U2pZ2Ieem48Dwy9uqj5PNUQTn/1OgTMhyF1FBsSAo4njk26m/9881001e9db03a4806b2eea6007e4a1a/Breach_Charge.png','2021-05-19 13:13:04'),(174,'Claymore','','Gadget','https://staticctf.akamaized.net/J3yJr34U2pZ2Ieem48Dwy9uqj5PNUQTn/4T4H5EJgUxorucGVtU2pkm/74fef324b89c220ce6426e8097f915b9/Claymore.png','2021-05-19 13:13:04'),(175,'KS79 Lifeline','','Unique Ability','https://staticctf.akamaized.net/J3yJr34U2pZ2Ieem48Dwy9uqj5PNUQTn/1elqIEWJ6XsXKAbMNd0Cai/0b4c0591bad284d957e652cdae0b706b/KS79-Lifeline.png','2021-05-19 13:13:04'),(176,'Scorpion EVO 3 A1','SUBMACHINE GUN','Primary Weapon','https://staticctf.akamaized.net/J3yJr34U2pZ2Ieem48Dwy9uqj5PNUQTn/6OdwaLWxcnFvhlVwWbP2Du/4f7e94bdb6d34d5c0aa7b7b147b4092e/Scorpion_EVO_3_A1.png','2021-05-19 13:13:06'),(177,'FO-12','SHOTGUN','Primary Weapon','https://staticctf.akamaized.net/J3yJr34U2pZ2Ieem48Dwy9uqj5PNUQTn/4TDWnhbgvLkc6HBWDJp2ST/f50cbd83d6d295ab59f17f7e21d713bc/FO-12.png','2021-05-19 13:13:06'),(178,'RG15','HANDGUN','Secondary Weapon','https://staticctf.akamaized.net/J3yJr34U2pZ2Ieem48Dwy9uqj5PNUQTn/2LNSsp7B7wUnnPUweir7Jm/9f66d53be7a63a17a55253a0bea6eec1/RG15.png','2021-05-19 13:13:06'),(179,'Barbed Wire','','Gadget','https://staticctf.akamaized.net/J3yJr34U2pZ2Ieem48Dwy9uqj5PNUQTn/7igaibxuCcSpWDkZensEJS/bfa2cef52f3d860b7a06c2b4d7a6340e/Barbed_wire.png','2021-05-19 13:13:06'),(180,'Deployable Shield','','Gadget','https://staticctf.akamaized.net/J3yJr34U2pZ2Ieem48Dwy9uqj5PNUQTn/W0WE0X2VQlxwWIAFCJ6Jm/523650a39de5a23dd9520d7299c9e25a/Deployable_Shield.png','2021-05-19 13:13:06'),(181,'Grzmot Mine','','Unique Ability','https://staticctf.akamaized.net/J3yJr34U2pZ2Ieem48Dwy9uqj5PNUQTn/10Md7ccaUO0pE0nCWimeoZ/35dddc67a4141e844d7904051a0314dc/Grzmot-Mine.png','2021-05-19 13:13:06'),(182,'T-95 LSW','Light Machine Gun','Primary Weapon','https://staticctf.akamaized.net/J3yJr34U2pZ2Ieem48Dwy9uqj5PNUQTn/23HCxaNTRUHBlFAvCTMZQm/fe319cc164fac034a29e9b114ae7d5cb/T-95_LSW.png','2021-05-19 13:13:08'),(183,'SIX12','SHOTGUN','Primary Weapon','https://staticctf.akamaized.net/J3yJr34U2pZ2Ieem48Dwy9uqj5PNUQTn/2v6MwsHwjOZ5Muid53lyfN/e5f1c4997db93abfe3ac356fce23376c/SIX12.png','2021-05-19 13:13:08'),(184,'Q-929','HANDGUN','Secondary Weapon','https://staticctf.akamaized.net/J3yJr34U2pZ2Ieem48Dwy9uqj5PNUQTn/2fRVszR5yGDHbV0AL8muso/0838dac90b66aa810daa49d36382fb64/Q-929.png','2021-05-19 13:13:08'),(185,'HARD BREACH CHARGE','','Gadget','https://staticctf.akamaized.net/J3yJr34U2pZ2Ieem48Dwy9uqj5PNUQTn/3OvnVPWY1UyrDE913kU0a1/eae4b2a1584234ea2ff4ad6481239f3b/SecondaryBreacher.png','2021-05-19 13:13:08'),(186,'Smoke Grenade','','Gadget','https://staticctf.akamaized.net/J3yJr34U2pZ2Ieem48Dwy9uqj5PNUQTn/3LaxoSLC49T5vgKnUAlTLT/c47c4636845a04478432c48be8c29aee/Smoke_Grenade.png','2021-05-19 13:13:08'),(187,'Candela','','Unique Ability','https://staticctf.akamaized.net/J3yJr34U2pZ2Ieem48Dwy9uqj5PNUQTn/4vpN9vu5wD9dyb2knMosTy/430796de3c0c2a5c2eb2ac6f4217eba0/Candela.png','2021-05-19 13:13:08'),(188,'SIX12 SD','SHOTGUN','Primary Weapon','https://staticctf.akamaized.net/J3yJr34U2pZ2Ieem48Dwy9uqj5PNUQTn/1GTua079Xbtkpjhx96sRsW/079ed1a71a0d12b5e48e1b0d40b87110/SIX12_SD.png','2021-05-19 13:13:10'),(189,'T-5 SMG','SUBMACHINE GUN','Primary Weapon','https://staticctf.akamaized.net/J3yJr34U2pZ2Ieem48Dwy9uqj5PNUQTn/1Ne8bvX8BdCALevWKMllQN/4baa3e79d323de134dd182e0272b9c3b/T-5_SMG.png','2021-05-19 13:13:10'),(190,'Q-929','HANDGUN','Secondary Weapon','https://staticctf.akamaized.net/J3yJr34U2pZ2Ieem48Dwy9uqj5PNUQTn/2fRVszR5yGDHbV0AL8muso/0838dac90b66aa810daa49d36382fb64/Q-929.png','2021-05-19 13:13:10'),(191,'Impact Grenade','','Gadget','https://staticctf.akamaized.net/J3yJr34U2pZ2Ieem48Dwy9uqj5PNUQTn/7iJK9B1Vr3PDO3rGftU00l/c3d8edc5564a80580e4ac2f9a4fc3937/Impact_Grenade.png','2021-05-19 13:13:10'),(192,'Bulletproof camera','','Gadget','https://staticctf.akamaized.net/J3yJr34U2pZ2Ieem48Dwy9uqj5PNUQTn/gZuOXvuTu2i8hQX0B6auy/259f379a6283bae618443d722a896f1a/Bulletproof_camera.png','2021-05-19 13:13:10'),(193,'Gu mines','','Unique Ability','https://staticctf.akamaized.net/J3yJr34U2pZ2Ieem48Dwy9uqj5PNUQTn/6PJv86R8CtQCWA7a24sJE2/24f3751b2ed941ce80a4c1ef394ab7d5/Gu-mines.png','2021-05-19 13:13:10'),(194,'Vector .45 ACP','SUBMACHINE GUN','Primary Weapon','https://staticctf.akamaized.net/J3yJr34U2pZ2Ieem48Dwy9uqj5PNUQTn/7D1cDf13FqUhoLihzvuPln/068aa7e507155598449c58c0a49a90d6/Vector_.45_ACP.png','2021-05-19 13:13:13'),(195,'ITA12L','SHOTGUN','Primary Weapon','https://staticctf.akamaized.net/J3yJr34U2pZ2Ieem48Dwy9uqj5PNUQTn/4Y6ziRzm9RiPii83fm8BV1/1f472744d2c2dec8d9206f4d8733d92c/ITA12L.png','2021-05-19 13:13:13'),(196,'USP40','HANDGUN','Secondary Weapon','https://staticctf.akamaized.net/J3yJr34U2pZ2Ieem48Dwy9uqj5PNUQTn/7FxemzWRtlpAhK9MyKp1Gp/817cc25b6b7c3575dc1ba53a6a8170a9/USP40.png','2021-05-19 13:13:13'),(197,'ITA12S','SHOTGUN','Secondary Weapon','https://staticctf.akamaized.net/J3yJr34U2pZ2Ieem48Dwy9uqj5PNUQTn/5G4DroaSdqHzJWCe7qqbHZ/5dd2e03f853182c78a1e7fcbc642f0cf/ITA12S.png','2021-05-19 13:13:13'),(198,'PROXIMITY ALARM','','Gadget','https://staticctf.akamaized.net/J3yJr34U2pZ2Ieem48Dwy9uqj5PNUQTn/2TsFLmb2O6LRZpbxzkZDck/c9146913388a9567500b704c95600621/Proximity_alarm.png','2021-05-19 13:13:13'),(199,'Nitro Cell','','Gadget','https://staticctf.akamaized.net/J3yJr34U2pZ2Ieem48Dwy9uqj5PNUQTn/4pBSTw9U6l9GRnT12G6Xln/e0991bc03b48d217f510af8b611c8828/Nitro_Cell.png','2021-05-19 13:13:13'),(200,'Black mirror','','Unique Ability','https://staticctf.akamaized.net/J3yJr34U2pZ2Ieem48Dwy9uqj5PNUQTn/1a1w8epOhWE8VtzvvCJG9d/b20cbb221f7d45e5838f839ce042f409/Black-mirror.png','2021-05-19 13:13:13'),(201,'C7E','ASSAULT RIFLE','Primary Weapon','https://staticctf.akamaized.net/J3yJr34U2pZ2Ieem48Dwy9uqj5PNUQTn/63vTDjkXeKq7rOoSBhoJD4/08603e6603d564e0fa38af9ec86b7c1f/C7E.png','2021-05-19 13:13:15'),(202,'PDW9','SUBMACHINE GUN','Primary Weapon','https://staticctf.akamaized.net/J3yJr34U2pZ2Ieem48Dwy9uqj5PNUQTn/4yYCuRnduMq35CTHfq6wwU/b7d49cdbcb05917e014c99efeaadd33b/PDW9.png','2021-05-19 13:13:15'),(203,'ITA12L','SHOTGUN','Primary Weapon','https://staticctf.akamaized.net/J3yJr34U2pZ2Ieem48Dwy9uqj5PNUQTn/4Y6ziRzm9RiPii83fm8BV1/1f472744d2c2dec8d9206f4d8733d92c/ITA12L.png','2021-05-19 13:13:15'),(204,'USP40','HANDGUN','Secondary Weapon','https://staticctf.akamaized.net/J3yJr34U2pZ2Ieem48Dwy9uqj5PNUQTn/7FxemzWRtlpAhK9MyKp1Gp/817cc25b6b7c3575dc1ba53a6a8170a9/USP40.png','2021-05-19 13:13:15'),(205,'ITA12S','SHOTGUN','Secondary Weapon','https://staticctf.akamaized.net/J3yJr34U2pZ2Ieem48Dwy9uqj5PNUQTn/5G4DroaSdqHzJWCe7qqbHZ/5dd2e03f853182c78a1e7fcbc642f0cf/ITA12S.png','2021-05-19 13:13:15'),(206,'Claymore','','Gadget','https://staticctf.akamaized.net/J3yJr34U2pZ2Ieem48Dwy9uqj5PNUQTn/4T4H5EJgUxorucGVtU2pkm/74fef324b89c220ce6426e8097f915b9/Claymore.png','2021-05-19 13:13:15'),(207,'Smoke Grenade','','Gadget','https://staticctf.akamaized.net/J3yJr34U2pZ2Ieem48Dwy9uqj5PNUQTn/3LaxoSLC49T5vgKnUAlTLT/c47c4636845a04478432c48be8c29aee/Smoke_Grenade.png','2021-05-19 13:13:15'),(208,'Eyenox Model III','','Unique Ability','https://staticctf.akamaized.net/J3yJr34U2pZ2Ieem48Dwy9uqj5PNUQTn/2gexf5zLDsa74J7urCoDxk/50da09626395cbe1bf2a58e00a57a514/Eyenox-Model-III.png','2021-05-19 13:13:15'),(209,'Type-89','ASSAULT RIFLE','Primary Weapon','https://staticctf.akamaized.net/J3yJr34U2pZ2Ieem48Dwy9uqj5PNUQTn/7wLf325q9amF8bnVP1QGr0/2faff1a197f90dcded4472852a317d6b/Type-89.png','2021-05-19 13:13:18'),(210,'SuperNova','SHOTGUN','Primary Weapon','https://staticctf.akamaized.net/J3yJr34U2pZ2Ieem48Dwy9uqj5PNUQTn/2tpjCRFLcc3hogjJGbKDsi/5ad0ab63b7245022aca5c1c1fb42d473/SuperNova.png','2021-05-19 13:13:18'),(211,'P229 RC','HANDGUN','Secondary Weapon','https://staticctf.akamaized.net/J3yJr34U2pZ2Ieem48Dwy9uqj5PNUQTn/76ja0RxqzHW9PpvWgpG7Sk/cb753b50b20fe67deaef54d8b2a46b54/P229.png','2021-05-19 13:13:18'),(212,'Bearing 9','Machine Pistol','Secondary Weapon','https://staticctf.akamaized.net/J3yJr34U2pZ2Ieem48Dwy9uqj5PNUQTn/4mdftEOh5Vu9KhhpgKLKrT/abedcc75868774018295ec2a08a7b3de/Bearing_9.png','2021-05-19 13:13:18'),(213,'Stun Grenade','','Gadget','https://staticctf.akamaized.net/J3yJr34U2pZ2Ieem48Dwy9uqj5PNUQTn/3XnK8s1iQJQu5cfr6UyQfK/429480b96d6d6d6b830c32c75d2608f5/Stun_Grenade.png','2021-05-19 13:13:18'),(214,'Breach Charge','','Gadget','https://staticctf.akamaized.net/J3yJr34U2pZ2Ieem48Dwy9uqj5PNUQTn/1OgTMhyF1FBsSAo4njk26m/9881001e9db03a4806b2eea6007e4a1a/Breach_Charge.png','2021-05-19 13:13:18'),(215,'X-Kairos','','Unique Ability','https://staticctf.akamaized.net/J3yJr34U2pZ2Ieem48Dwy9uqj5PNUQTn/1QSzVxpGhswXix3vn8XGKj/c4f64fa0895bdaf164448e3ae49950a0/X-Kairos.png','2021-05-19 13:13:18'),(216,'MP5SD','SUBMACHINE GUN','Primary Weapon','https://staticctf.akamaized.net/J3yJr34U2pZ2Ieem48Dwy9uqj5PNUQTn/5HaMldwFltBwiiyDDfkPpD/6de3aa9aaa17458e7f6186ba59b8deff/MP5SD.png','2021-05-19 13:13:20'),(217,'SuperNova','SHOTGUN','Primary Weapon','https://staticctf.akamaized.net/J3yJr34U2pZ2Ieem48Dwy9uqj5PNUQTn/2tpjCRFLcc3hogjJGbKDsi/5ad0ab63b7245022aca5c1c1fb42d473/SuperNova.png','2021-05-19 13:13:20'),(218,'P229 RC','HANDGUN','Secondary Weapon','https://staticctf.akamaized.net/J3yJr34U2pZ2Ieem48Dwy9uqj5PNUQTn/76ja0RxqzHW9PpvWgpG7Sk/cb753b50b20fe67deaef54d8b2a46b54/P229.png','2021-05-19 13:13:20'),(219,'Bearing 9','Machine Pistol','Secondary Weapon','https://staticctf.akamaized.net/J3yJr34U2pZ2Ieem48Dwy9uqj5PNUQTn/4mdftEOh5Vu9KhhpgKLKrT/abedcc75868774018295ec2a08a7b3de/Bearing_9.png','2021-05-19 13:13:20'),(220,'Impact Grenade','','Gadget','https://staticctf.akamaized.net/J3yJr34U2pZ2Ieem48Dwy9uqj5PNUQTn/7iJK9B1Vr3PDO3rGftU00l/c3d8edc5564a80580e4ac2f9a4fc3937/Impact_Grenade.png','2021-05-19 13:13:20'),(221,'Deployable Shield','','Gadget','https://staticctf.akamaized.net/J3yJr34U2pZ2Ieem48Dwy9uqj5PNUQTn/W0WE0X2VQlxwWIAFCJ6Jm/523650a39de5a23dd9520d7299c9e25a/Deployable_Shield.png','2021-05-19 13:13:20'),(222,'Yokai','','Unique Ability','https://staticctf.akamaized.net/J3yJr34U2pZ2Ieem48Dwy9uqj5PNUQTn/TdDZyrKpjt9EQo8tHpIJk/d987db4da22046a0663be8be82dcda88/Yokai.png','2021-05-19 13:13:20'),(223,'M12','SUBMACHINE GUN','Primary Weapon','https://staticctf.akamaized.net/J3yJr34U2pZ2Ieem48Dwy9uqj5PNUQTn/4FxqA5pa8JY9QQ7FEcjwPw/ffc779fcde5b970e7b95db6653637dab/M12.png','2021-05-19 13:13:23'),(224,'SPAS-15','SHOTGUN','Primary Weapon','https://staticctf.akamaized.net/J3yJr34U2pZ2Ieem48Dwy9uqj5PNUQTn/CyofBgipHq4RTafvPFWd4/bc3d0ecc871b70e57735855f852efacf/SPAS-15.png','2021-05-19 13:13:23'),(225,'Luison','','Secondary Weapon','https://staticctf.akamaized.net/J3yJr34U2pZ2Ieem48Dwy9uqj5PNUQTn/5cSDFUWb8P1BAQUgnTozeM/fd3a3348f42c95d6afa9f105ae23f2e5/Luison.png','2021-05-19 13:13:23'),(226,'PROXIMITY ALARM','','Gadget','https://staticctf.akamaized.net/J3yJr34U2pZ2Ieem48Dwy9uqj5PNUQTn/2TsFLmb2O6LRZpbxzkZDck/c9146913388a9567500b704c95600621/Proximity_alarm.png','2021-05-19 13:13:23'),(227,'Impact Grenade','','Gadget','https://staticctf.akamaized.net/J3yJr34U2pZ2Ieem48Dwy9uqj5PNUQTn/7iJK9B1Vr3PDO3rGftU00l/c3d8edc5564a80580e4ac2f9a4fc3937/Impact_Grenade.png','2021-05-19 13:13:23'),(228,'Silent Step','','Unique Ability','https://staticctf.akamaized.net/J3yJr34U2pZ2Ieem48Dwy9uqj5PNUQTn/6PTsBBBGTT5oixxzvYv1Y4/18e31c74ba1ca73ed2694134acd9c078/Silent-Step.png','2021-05-19 13:13:23'),(229,'PARA-308','ASSAULT RIFLE','Primary Weapon','https://staticctf.akamaized.net/J3yJr34U2pZ2Ieem48Dwy9uqj5PNUQTn/6ub8y2Cs5EYhVPfDWuVVkW/82ca131a41ee4ba2e0b75f2dc52ed9e3/PARA-308.png','2021-05-19 13:13:25'),(230,'M249','Light Machine Gun','Primary Weapon','https://staticctf.akamaized.net/J3yJr34U2pZ2Ieem48Dwy9uqj5PNUQTn/7z8UpVPS3P14OC1oL9dDIn/39c0c657f154218003fd4b2a9250b92f/M249.png','2021-05-19 13:13:25'),(231,'PRB92','HANDGUN','Secondary Weapon','https://staticctf.akamaized.net/J3yJr34U2pZ2Ieem48Dwy9uqj5PNUQTn/dl28J1HsE7mzhj66pmd5D/b8d8fc48d2dde13154047de94abbd8ca/PRB92.png','2021-05-19 13:13:25'),(232,'Claymore','','Gadget','https://staticctf.akamaized.net/J3yJr34U2pZ2Ieem48Dwy9uqj5PNUQTn/4T4H5EJgUxorucGVtU2pkm/74fef324b89c220ce6426e8097f915b9/Claymore.png','2021-05-19 13:13:25'),(233,'HARD BREACH CHARGE','','Gadget','https://staticctf.akamaized.net/J3yJr34U2pZ2Ieem48Dwy9uqj5PNUQTn/3OvnVPWY1UyrDE913kU0a1/eae4b2a1584234ea2ff4ad6481239f3b/SecondaryBreacher.png','2021-05-19 13:13:25'),(234,'Tactical Crossbow','','Unique Ability','https://staticctf.akamaized.net/J3yJr34U2pZ2Ieem48Dwy9uqj5PNUQTn/5ur3NZUGos3i2HR8f0HIzj/46cf23c97453ebfedeaa42a1088ff32f/Tactical-Crossbow.png','2021-05-19 13:13:25'),(235,'Mk17 CQB','ASSAULT RIFLE','Primary Weapon','https://staticctf.akamaized.net/J3yJr34U2pZ2Ieem48Dwy9uqj5PNUQTn/4LytczDQmu0M63gO2WtCCm/331ef3b1938352ae71d7c0bd23de3596/Mk17_CQB.png','2021-05-19 13:13:27'),(236,'SR-25','Marksman Rifle','Primary Weapon','https://staticctf.akamaized.net/J3yJr34U2pZ2Ieem48Dwy9uqj5PNUQTn/3H3sICdj6BK8LhtQPRd2aJ/26826ebba73e0e5fd503256d069f3256/SR-25.png','2021-05-19 13:13:27'),(237,'D-50','HANDGUN','Secondary Weapon','https://staticctf.akamaized.net/J3yJr34U2pZ2Ieem48Dwy9uqj5PNUQTn/6mMQRDsrComRFa7bC6cNkG/8cd17e545e3d28dcc11a040d000cfa16/D-50.png','2021-05-19 13:13:27'),(238,'Breach Charge','','Gadget','https://staticctf.akamaized.net/J3yJr34U2pZ2Ieem48Dwy9uqj5PNUQTn/1OgTMhyF1FBsSAo4njk26m/9881001e9db03a4806b2eea6007e4a1a/Breach_Charge.png','2021-05-19 13:13:27'),(239,'Stun Grenade','','Gadget','https://staticctf.akamaized.net/J3yJr34U2pZ2Ieem48Dwy9uqj5PNUQTn/3XnK8s1iQJQu5cfr6UyQfK/429480b96d6d6d6b830c32c75d2608f5/Stun_Grenade.png','2021-05-19 13:13:27'),(240,'Rifle Shield','','Unique Ability','https://staticctf.akamaized.net/J3yJr34U2pZ2Ieem48Dwy9uqj5PNUQTn/2dZeBTlDDdFQKb4PYb8F5v/162d60178a75cde9f65be362eacc880a/Rifle-Shield.png','2021-05-19 13:13:27'),(241,'MPX','SUBMACHINE GUN','Primary Weapon','https://staticctf.akamaized.net/J3yJr34U2pZ2Ieem48Dwy9uqj5PNUQTn/5HFewpAJ8npDDCKFnEadhL/d398bb477d6b56fe41bfdb5862ed31c0/MPX.png','2021-05-19 13:13:30'),(242,'SPAS-12','SHOTGUN','Primary Weapon','https://staticctf.akamaized.net/J3yJr34U2pZ2Ieem48Dwy9uqj5PNUQTn/7Hp6Fbss6uI59OT4nZNB6e/a4d09954803cb2580353cfa03e8c778b/SPAS-12.png','2021-05-19 13:13:30'),(243,'D-50','HANDGUN','Secondary Weapon','https://staticctf.akamaized.net/J3yJr34U2pZ2Ieem48Dwy9uqj5PNUQTn/6mMQRDsrComRFa7bC6cNkG/8cd17e545e3d28dcc11a040d000cfa16/D-50.png','2021-05-19 13:13:30'),(244,'Impact Grenade','','Gadget','https://staticctf.akamaized.net/J3yJr34U2pZ2Ieem48Dwy9uqj5PNUQTn/7iJK9B1Vr3PDO3rGftU00l/c3d8edc5564a80580e4ac2f9a4fc3937/Impact_Grenade.png','2021-05-19 13:13:30'),(245,'Nitro Cell','','Gadget','https://staticctf.akamaized.net/J3yJr34U2pZ2Ieem48Dwy9uqj5PNUQTn/4pBSTw9U6l9GRnT12G6Xln/e0991bc03b48d217f510af8b611c8828/Nitro_Cell.png','2021-05-19 13:13:30'),(246,'Black Eye','','Unique Ability','https://staticctf.akamaized.net/J3yJr34U2pZ2Ieem48Dwy9uqj5PNUQTn/1EPfd4xeuMpt5nItOYm2Eb/b59223248a508d205264ece3c3553d36/Black-Eye.png','2021-05-19 13:13:30'),(247,'C8-SFW','ASSAULT RIFLE','Primary Weapon','https://staticctf.akamaized.net/J3yJr34U2pZ2Ieem48Dwy9uqj5PNUQTn/1itXpz2GnvdwwRyhX1SYa2/b58ff71048fa3bb5ed09d5d935dc90f4/C8-SFW.png','2021-05-19 13:13:32'),(248,'CAMRS','Marksman Rifle','Primary Weapon','https://staticctf.akamaized.net/J3yJr34U2pZ2Ieem48Dwy9uqj5PNUQTn/4dBzqVVmnpv1DZi91LAnEN/e374b4ea289fc992280b943cdbb94d60/CAMRS.png','2021-05-19 13:13:32'),(249,'Mk1 9mm','HANDGUN','Secondary Weapon','https://staticctf.akamaized.net/J3yJr34U2pZ2Ieem48Dwy9uqj5PNUQTn/3tWoNeF3jQYs3w4EOydQYs/434409c96693df1fd3e969d778e70795/Mk1_9mm_BI.png','2021-05-19 13:13:32'),(250,'HARD BREACH CHARGE','','Gadget','https://staticctf.akamaized.net/J3yJr34U2pZ2Ieem48Dwy9uqj5PNUQTn/3OvnVPWY1UyrDE913kU0a1/eae4b2a1584234ea2ff4ad6481239f3b/SecondaryBreacher.png','2021-05-19 13:13:32'),(251,'Stun Grenade','','Gadget','https://staticctf.akamaized.net/J3yJr34U2pZ2Ieem48Dwy9uqj5PNUQTn/3XnK8s1iQJQu5cfr6UyQfK/429480b96d6d6d6b830c32c75d2608f5/Stun_Grenade.png','2021-05-19 13:13:32'),(252,'Skeleton Key','','Unique Ability','https://staticctf.akamaized.net/J3yJr34U2pZ2Ieem48Dwy9uqj5PNUQTn/2w8EQtN4FFtEMa9lBYyWGg/36bbc6d819761c11418c868d2e483991/Skeleton-Key.png','2021-05-19 13:13:32'),(253,'Super 90','SHOTGUN','Primary Weapon','https://staticctf.akamaized.net/J3yJr34U2pZ2Ieem48Dwy9uqj5PNUQTn/1TLWSu0xHJlAsfEfafeC9X/f9647e70a18962bf1627095c8b46832e/Super_90.png','2021-05-19 13:13:35'),(254,'9mm C1','SUBMACHINE GUN','Primary Weapon','https://staticctf.akamaized.net/J3yJr34U2pZ2Ieem48Dwy9uqj5PNUQTn/60sbThKtOpNOwKu3OP0oGV/672fd9263f7786402a0d855273473a6f/9mm_C1.png','2021-05-19 13:13:35'),(255,'Mk1 9mm','HANDGUN','Secondary Weapon','https://staticctf.akamaized.net/J3yJr34U2pZ2Ieem48Dwy9uqj5PNUQTn/3tWoNeF3jQYs3w4EOydQYs/434409c96693df1fd3e969d778e70795/Mk1_9mm_BI.png','2021-05-19 13:13:35'),(256,'ITA12S','SHOTGUN','Secondary Weapon','https://staticctf.akamaized.net/J3yJr34U2pZ2Ieem48Dwy9uqj5PNUQTn/5G4DroaSdqHzJWCe7qqbHZ/5dd2e03f853182c78a1e7fcbc642f0cf/ITA12S.png','2021-05-19 13:13:35'),(257,'Bulletproof camera','','Gadget','https://staticctf.akamaized.net/J3yJr34U2pZ2Ieem48Dwy9uqj5PNUQTn/gZuOXvuTu2i8hQX0B6auy/259f379a6283bae618443d722a896f1a/Bulletproof_camera.png','2021-05-19 13:13:35'),(258,'Deployable Shield','','Gadget','https://staticctf.akamaized.net/J3yJr34U2pZ2Ieem48Dwy9uqj5PNUQTn/W0WE0X2VQlxwWIAFCJ6Jm/523650a39de5a23dd9520d7299c9e25a/Deployable_Shield.png','2021-05-19 13:13:35'),(259,'Welcome Mat','','Unique Ability','https://staticctf.akamaized.net/J3yJr34U2pZ2Ieem48Dwy9uqj5PNUQTn/xsIzH7XCAqvn7F3tEfAPe/c41e59a9d7f2ed7ee38b16ed0a882351/Welcome-Mate.png','2021-05-19 13:13:35'),(260,'MP5K','SUBMACHINE GUN','Primary Weapon','https://staticctf.akamaized.net/J3yJr34U2pZ2Ieem48Dwy9uqj5PNUQTn/1pk8nOI7ybQjYOSI4fuzOm/fcd78df0f729be545e75c09aae85c360/MP5K.png','2021-05-19 13:13:38'),(261,'M590A1','SHOTGUN','Primary Weapon','https://staticctf.akamaized.net/J3yJr34U2pZ2Ieem48Dwy9uqj5PNUQTn/2zRHmgqENNiZqXQxC9Rsbj/e6542407c642f9b7c5a4546afb6db30a/M590A1.png','2021-05-19 13:13:38'),(262,'P226 Mk 25','HANDGUN','Secondary Weapon','https://staticctf.akamaized.net/J3yJr34U2pZ2Ieem48Dwy9uqj5PNUQTn/RTQvPQcywlRwUS1FjIKCX/6fc72fee2191c2e723276bc10ae4114e/P226_Mk_25.png','2021-05-19 13:13:38'),(263,'SMG-11','Machine Pistol','Secondary Weapon','https://staticctf.akamaized.net/J3yJr34U2pZ2Ieem48Dwy9uqj5PNUQTn/3WExw7Kepz9uAiWAbWW457/875fc631a3cf9fcc2849d9db2989cbcd/SMG-11.png','2021-05-19 13:13:38'),(264,'Bulletproof camera','','Gadget','https://staticctf.akamaized.net/J3yJr34U2pZ2Ieem48Dwy9uqj5PNUQTn/gZuOXvuTu2i8hQX0B6auy/259f379a6283bae618443d722a896f1a/Bulletproof_camera.png','2021-05-19 13:13:38'),(265,'Nitro Cell','','Gadget','https://staticctf.akamaized.net/J3yJr34U2pZ2Ieem48Dwy9uqj5PNUQTn/4pBSTw9U6l9GRnT12G6Xln/e0991bc03b48d217f510af8b611c8828/Nitro_Cell.png','2021-05-19 13:13:38'),(266,'Signal Disruptor','','Unique Ability','https://staticctf.akamaized.net/J3yJr34U2pZ2Ieem48Dwy9uqj5PNUQTn/1M5fsUELbaAzImzMte2ESa/9de588693ec317c87ef1a2021bd43b86/Signal-Disruptor.png','2021-05-19 13:13:38'),(267,'L85A2','ASSAULT RIFLE','Primary Weapon','https://staticctf.akamaized.net/J3yJr34U2pZ2Ieem48Dwy9uqj5PNUQTn/5vYQpoyk36foDzDq49jBd0/1479a2d7189e545555ceccecf6bd7cc3/L85A2.png','2021-05-19 13:13:41'),(268,'M590A1','SHOTGUN','Primary Weapon','https://staticctf.akamaized.net/J3yJr34U2pZ2Ieem48Dwy9uqj5PNUQTn/2zRHmgqENNiZqXQxC9Rsbj/e6542407c642f9b7c5a4546afb6db30a/M590A1.png','2021-05-19 13:13:41'),(269,'P226 Mk 25','HANDGUN','Secondary Weapon','https://staticctf.akamaized.net/J3yJr34U2pZ2Ieem48Dwy9uqj5PNUQTn/RTQvPQcywlRwUS1FjIKCX/6fc72fee2191c2e723276bc10ae4114e/P226_Mk_25.png','2021-05-19 13:13:41'),(270,'SMG-11','Machine Pistol','Secondary Weapon','https://staticctf.akamaized.net/J3yJr34U2pZ2Ieem48Dwy9uqj5PNUQTn/3WExw7Kepz9uAiWAbWW457/875fc631a3cf9fcc2849d9db2989cbcd/SMG-11.png','2021-05-19 13:13:41'),(271,'Frag Grenade','','Gadget','https://staticctf.akamaized.net/J3yJr34U2pZ2Ieem48Dwy9uqj5PNUQTn/4GZsPHbm9H0k5EWz7TMkwO/33b9007bc6ee03dab15cfa15eb69e096/Frag_Grenade.png','2021-05-19 13:13:41'),(272,'Stun Grenade','','Gadget','https://staticctf.akamaized.net/J3yJr34U2pZ2Ieem48Dwy9uqj5PNUQTn/3XnK8s1iQJQu5cfr6UyQfK/429480b96d6d6d6b830c32c75d2608f5/Stun_Grenade.png','2021-05-19 13:13:41'),(273,'Tactical Breaching Hammer','','Unique Ability','https://staticctf.akamaized.net/J3yJr34U2pZ2Ieem48Dwy9uqj5PNUQTn/2Vyo9CrQ1J7IZe43XpT4pV/4bc02e829d1b1745b9a527ff34f8fafb/Tactical-Breaching-Hammer.png','2021-05-19 13:13:41'),(274,'M590A1','SHOTGUN','Primary Weapon','https://staticctf.akamaized.net/J3yJr34U2pZ2Ieem48Dwy9uqj5PNUQTn/2zRHmgqENNiZqXQxC9Rsbj/e6542407c642f9b7c5a4546afb6db30a/M590A1.png','2021-05-19 13:13:43'),(275,'FMG-9','SUBMACHINE GUN','Primary Weapon','https://staticctf.akamaized.net/J3yJr34U2pZ2Ieem48Dwy9uqj5PNUQTn/0oneJNsBR06QjuowxwtHG/bd3b391c6eec2bd615f2ed83197a13ac/FMG-9.png','2021-05-19 13:13:43'),(276,'P226 Mk 25','HANDGUN','Secondary Weapon','https://staticctf.akamaized.net/J3yJr34U2pZ2Ieem48Dwy9uqj5PNUQTn/RTQvPQcywlRwUS1FjIKCX/6fc72fee2191c2e723276bc10ae4114e/P226_Mk_25.png','2021-05-19 13:13:43'),(277,'SMG-11','Machine Pistol','Secondary Weapon','https://staticctf.akamaized.net/J3yJr34U2pZ2Ieem48Dwy9uqj5PNUQTn/3WExw7Kepz9uAiWAbWW457/875fc631a3cf9fcc2849d9db2989cbcd/SMG-11.png','2021-05-19 13:13:43'),(278,'Deployable Shield','','Gadget','https://staticctf.akamaized.net/J3yJr34U2pZ2Ieem48Dwy9uqj5PNUQTn/W0WE0X2VQlxwWIAFCJ6Jm/523650a39de5a23dd9520d7299c9e25a/Deployable_Shield.png','2021-05-19 13:13:43'),(279,'Barbed Wire','','Gadget','https://staticctf.akamaized.net/J3yJr34U2pZ2Ieem48Dwy9uqj5PNUQTn/7igaibxuCcSpWDkZensEJS/bfa2cef52f3d860b7a06c2b4d7a6340e/Barbed_wire.png','2021-05-19 13:13:43'),(280,'Remote Gas Grenade','','Unique Ability','https://staticctf.akamaized.net/J3yJr34U2pZ2Ieem48Dwy9uqj5PNUQTn/3ZbADU6FxBqdvcA8vCpYhn/6c69d61202364fa420e2a319d817c6f3/Remote-Gas-Grenade.png','2021-05-19 13:13:43'),(281,'AR33','ASSAULT RIFLE','Primary Weapon','https://staticctf.akamaized.net/J3yJr34U2pZ2Ieem48Dwy9uqj5PNUQTn/16U6xEvX8I5xQd9duveBLN/45d22960872cfa3fb6be9eb47fa0be4e/AR33.png','2021-05-19 13:13:45'),(282,'L85A2','ASSAULT RIFLE','Primary Weapon','https://staticctf.akamaized.net/J3yJr34U2pZ2Ieem48Dwy9uqj5PNUQTn/5vYQpoyk36foDzDq49jBd0/1479a2d7189e545555ceccecf6bd7cc3/L85A2.png','2021-05-19 13:13:45'),(283,'M590A1','SHOTGUN','Primary Weapon','https://staticctf.akamaized.net/J3yJr34U2pZ2Ieem48Dwy9uqj5PNUQTn/2zRHmgqENNiZqXQxC9Rsbj/e6542407c642f9b7c5a4546afb6db30a/M590A1.png','2021-05-19 13:13:45'),(284,'P226 Mk 25','HANDGUN','Secondary Weapon','https://staticctf.akamaized.net/J3yJr34U2pZ2Ieem48Dwy9uqj5PNUQTn/RTQvPQcywlRwUS1FjIKCX/6fc72fee2191c2e723276bc10ae4114e/P226_Mk_25.png','2021-05-19 13:13:45'),(285,'Breach Charge','','Gadget','https://staticctf.akamaized.net/J3yJr34U2pZ2Ieem48Dwy9uqj5PNUQTn/1OgTMhyF1FBsSAo4njk26m/9881001e9db03a4806b2eea6007e4a1a/Breach_Charge.png','2021-05-19 13:13:45'),(286,'Claymore','','Gadget','https://staticctf.akamaized.net/J3yJr34U2pZ2Ieem48Dwy9uqj5PNUQTn/4T4H5EJgUxorucGVtU2pkm/74fef324b89c220ce6426e8097f915b9/Claymore.png','2021-05-19 13:13:45'),(287,'EMP Grenade','','Unique Ability','https://staticctf.akamaized.net/J3yJr34U2pZ2Ieem48Dwy9uqj5PNUQTn/4p4srpOH4sq55OHryHhn5t/d31728d1432ed28c429ea566caf0e083/EMP-Grenade.png','2021-05-19 13:13:45'),(288,'G36C','ASSAULT RIFLE','Primary Weapon','https://staticctf.akamaized.net/J3yJr34U2pZ2Ieem48Dwy9uqj5PNUQTn/2SZoqSXKoNPvZFIJsFsDE5/cb109885bf19c8697abf832f10cfd9a6/G36C.png','2021-05-19 13:13:47'),(289,'R4-C','ASSAULT RIFLE','Primary Weapon','https://staticctf.akamaized.net/J3yJr34U2pZ2Ieem48Dwy9uqj5PNUQTn/dQbqK9VxczuiscwBDSkT8/777a062f6095dde0371eab5200dcb451/R4-C.png','2021-05-19 13:13:47'),(290,'5.7 USG','HANDGUN','Secondary Weapon','https://staticctf.akamaized.net/J3yJr34U2pZ2Ieem48Dwy9uqj5PNUQTn/tkYcSAJSe5yGkeUhzZqBO/e81feb86df4a7eb6951052bec26b6ed7/5.7_USG.png','2021-05-19 13:13:47'),(291,'M45 MEUSOC','HANDGUN','Secondary Weapon','https://staticctf.akamaized.net/J3yJr34U2pZ2Ieem48Dwy9uqj5PNUQTn/3u5cecgWYl3WuJK50mKEGd/a4a0eb15c710edfc0d29e98c2ee7ea33/M45_MEUSOC.png','2021-05-19 13:13:47'),(292,'Breach Charge','','Gadget','https://staticctf.akamaized.net/J3yJr34U2pZ2Ieem48Dwy9uqj5PNUQTn/1OgTMhyF1FBsSAo4njk26m/9881001e9db03a4806b2eea6007e4a1a/Breach_Charge.png','2021-05-19 13:13:47'),(293,'Claymore','','Gadget','https://staticctf.akamaized.net/J3yJr34U2pZ2Ieem48Dwy9uqj5PNUQTn/4T4H5EJgUxorucGVtU2pkm/74fef324b89c220ce6426e8097f915b9/Claymore.png','2021-05-19 13:13:47'),(294,'Breaching Rounds','','Unique Ability','https://staticctf.akamaized.net/J3yJr34U2pZ2Ieem48Dwy9uqj5PNUQTn/0114WqhzsMsnvaKc4FypkN/5ebb9b86e216a2d9e6b2ea01eb3346e8/Breaching-Rounds.png','2021-05-19 13:13:47'),(295,'UMP45','SUBMACHINE GUN','Primary Weapon','https://staticctf.akamaized.net/J3yJr34U2pZ2Ieem48Dwy9uqj5PNUQTn/6X2EZPq2s8UKrP67uxz5FI/f0df4c57d5890c79311e4eb62d4470e7/UMP45.png','2021-05-19 13:13:50'),(296,'M1014','SHOTGUN','Primary Weapon','https://staticctf.akamaized.net/J3yJr34U2pZ2Ieem48Dwy9uqj5PNUQTn/2pUiVbwNnQnDTesmWXktqW/f27c1fab9a354bb89cbe309a688f5e02/M1014.png','2021-05-19 13:13:50'),(297,'5.7 USG','HANDGUN','Secondary Weapon','https://staticctf.akamaized.net/J3yJr34U2pZ2Ieem48Dwy9uqj5PNUQTn/tkYcSAJSe5yGkeUhzZqBO/e81feb86df4a7eb6951052bec26b6ed7/5.7_USG.png','2021-05-19 13:13:50'),(298,'Super Shorty','SHOTGUN','Secondary Weapon','https://staticctf.akamaized.net/J3yJr34U2pZ2Ieem48Dwy9uqj5PNUQTn/7Dq8LDmIxAveRqXM17orUW/cbd96b47cd8ca74a7827b16ef73fe7cf/r6-operator-weapon-sa-supershorty.png','2021-05-19 13:13:50'),(299,'PROXIMITY ALARM','','Gadget','https://staticctf.akamaized.net/J3yJr34U2pZ2Ieem48Dwy9uqj5PNUQTn/2TsFLmb2O6LRZpbxzkZDck/c9146913388a9567500b704c95600621/Proximity_alarm.png','2021-05-19 13:13:50'),(300,'Impact Grenade','','Gadget','https://staticctf.akamaized.net/J3yJr34U2pZ2Ieem48Dwy9uqj5PNUQTn/7iJK9B1Vr3PDO3rGftU00l/c3d8edc5564a80580e4ac2f9a4fc3937/Impact_Grenade.png','2021-05-19 13:13:50'),(301,'Armor Panel','','Unique Ability','https://staticctf.akamaized.net/J3yJr34U2pZ2Ieem48Dwy9uqj5PNUQTn/29N9nMqB8ZZxGCPz128ccD/439cb1fcb2f6d5385378cf073a5fbc30/Armor-Panel.png','2021-05-19 13:13:50'),(302,'UMP45','SUBMACHINE GUN','Primary Weapon','https://staticctf.akamaized.net/J3yJr34U2pZ2Ieem48Dwy9uqj5PNUQTn/6X2EZPq2s8UKrP67uxz5FI/f0df4c57d5890c79311e4eb62d4470e7/UMP45.png','2021-05-19 13:13:52'),(303,'M1014','SHOTGUN','Primary Weapon','https://staticctf.akamaized.net/J3yJr34U2pZ2Ieem48Dwy9uqj5PNUQTn/2pUiVbwNnQnDTesmWXktqW/f27c1fab9a354bb89cbe309a688f5e02/M1014.png','2021-05-19 13:13:52'),(304,'5.7 USG','HANDGUN','Secondary Weapon','https://staticctf.akamaized.net/J3yJr34U2pZ2Ieem48Dwy9uqj5PNUQTn/tkYcSAJSe5yGkeUhzZqBO/e81feb86df4a7eb6951052bec26b6ed7/5.7_USG.png','2021-05-19 13:13:52'),(305,'M45 MEUSOC','HANDGUN','Secondary Weapon','https://staticctf.akamaized.net/J3yJr34U2pZ2Ieem48Dwy9uqj5PNUQTn/3u5cecgWYl3WuJK50mKEGd/a4a0eb15c710edfc0d29e98c2ee7ea33/M45_MEUSOC.png','2021-05-19 13:13:52'),(306,'Barbed Wire','','Gadget','https://staticctf.akamaized.net/J3yJr34U2pZ2Ieem48Dwy9uqj5PNUQTn/7igaibxuCcSpWDkZensEJS/bfa2cef52f3d860b7a06c2b4d7a6340e/Barbed_wire.png','2021-05-19 13:13:52'),(307,'Nitro Cell','','Gadget','https://staticctf.akamaized.net/J3yJr34U2pZ2Ieem48Dwy9uqj5PNUQTn/4pBSTw9U6l9GRnT12G6Xln/e0991bc03b48d217f510af8b611c8828/Nitro_Cell.png','2021-05-19 13:13:52'),(308,'Heartbeat Sensor','','Unique Ability','https://staticctf.akamaized.net/J3yJr34U2pZ2Ieem48Dwy9uqj5PNUQTn/7dPXIadD3D2a3uEqrCPvj2/103ad9d0d3b71adee3b92a5db96fe24d/Heartbeat-Sensor.png','2021-05-19 13:13:52'),(309,'M1014','SHOTGUN','Primary Weapon','https://staticctf.akamaized.net/J3yJr34U2pZ2Ieem48Dwy9uqj5PNUQTn/2pUiVbwNnQnDTesmWXktqW/f27c1fab9a354bb89cbe309a688f5e02/M1014.png','2021-05-19 13:13:54'),(310,'556xi','ASSAULT RIFLE','Primary Weapon','https://staticctf.akamaized.net/J3yJr34U2pZ2Ieem48Dwy9uqj5PNUQTn/2dgpAeAWb3SkZV7rxDbVdQ/fa32323256b7c6f8a1977d3f71e7d4b2/556xi.png','2021-05-19 13:13:54'),(311,'5.7 USG','HANDGUN','Secondary Weapon','https://staticctf.akamaized.net/J3yJr34U2pZ2Ieem48Dwy9uqj5PNUQTn/tkYcSAJSe5yGkeUhzZqBO/e81feb86df4a7eb6951052bec26b6ed7/5.7_USG.png','2021-05-19 13:13:54'),(312,'M45 MEUSOC','HANDGUN','Secondary Weapon','https://staticctf.akamaized.net/J3yJr34U2pZ2Ieem48Dwy9uqj5PNUQTn/3u5cecgWYl3WuJK50mKEGd/a4a0eb15c710edfc0d29e98c2ee7ea33/M45_MEUSOC.png','2021-05-19 13:13:54'),(313,'Claymore','','Gadget','https://staticctf.akamaized.net/J3yJr34U2pZ2Ieem48Dwy9uqj5PNUQTn/4T4H5EJgUxorucGVtU2pkm/74fef324b89c220ce6426e8097f915b9/Claymore.png','2021-05-19 13:13:54'),(314,'Stun Grenade','','Gadget','https://staticctf.akamaized.net/J3yJr34U2pZ2Ieem48Dwy9uqj5PNUQTn/3XnK8s1iQJQu5cfr6UyQfK/429480b96d6d6d6b830c32c75d2608f5/Stun_Grenade.png','2021-05-19 13:13:54'),(315,'Exothermic Charge','','Unique Ability','https://staticctf.akamaized.net/J3yJr34U2pZ2Ieem48Dwy9uqj5PNUQTn/R5giHT90R2XOMMuUENZeK/840a5a391ed57a0c62208e72258407a7/Exothermic-Charge.png','2021-05-19 13:13:54'),(316,'LE ROC SHIELD','','Primary Weapon','https://staticctf.akamaized.net/J3yJr34U2pZ2Ieem48Dwy9uqj5PNUQTn/1bmXJOakdA6SOrGxBKA70T/1e489e366d6db287f475963df2040d3d/Extendable-Shield.png','2021-05-19 13:13:57'),(317,'P9','HANDGUN','Secondary Weapon','https://staticctf.akamaized.net/J3yJr34U2pZ2Ieem48Dwy9uqj5PNUQTn/6Fd1cl17KA0CtgodEiiY6v/d0f145ea72f2aacbd04260ba7d8f1c74/P9.png','2021-05-19 13:13:57'),(318,'LFP586','HANDGUN','Secondary Weapon','https://staticctf.akamaized.net/J3yJr34U2pZ2Ieem48Dwy9uqj5PNUQTn/1zc7UtdBfCZakwbiYqBvSz/1fd3f1584de38ca7c9315d498f094276/LFP586.png','2021-05-19 13:13:57'),(319,'HARD BREACH CHARGE','','Gadget','https://staticctf.akamaized.net/J3yJr34U2pZ2Ieem48Dwy9uqj5PNUQTn/3OvnVPWY1UyrDE913kU0a1/eae4b2a1584234ea2ff4ad6481239f3b/SecondaryBreacher.png','2021-05-19 13:13:57'),(320,'Smoke Grenade','','Gadget','https://staticctf.akamaized.net/J3yJr34U2pZ2Ieem48Dwy9uqj5PNUQTn/3LaxoSLC49T5vgKnUAlTLT/c47c4636845a04478432c48be8c29aee/Smoke_Grenade.png','2021-05-19 13:13:57'),(321,'LE ROC SHIELD','','Unique Ability','https://staticctf.akamaized.net/J3yJr34U2pZ2Ieem48Dwy9uqj5PNUQTn/1bmXJOakdA6SOrGxBKA70T/1e489e366d6db287f475963df2040d3d/Extendable-Shield.png','2021-05-19 13:13:57'),(322,'F2','ASSAULT RIFLE','Primary Weapon','https://staticctf.akamaized.net/J3yJr34U2pZ2Ieem48Dwy9uqj5PNUQTn/5HTvw1cJInVAGxOLXR0war/2f142437f5c0944fdcfcce8a03c37676/F2.png','2021-05-19 13:13:59'),(323,'417','Marksman Rifle','Primary Weapon','https://staticctf.akamaized.net/J3yJr34U2pZ2Ieem48Dwy9uqj5PNUQTn/5djkS4YtAtOF0vBmg0T60x/ea2b1ff7e5367e66c99bc7ad7e95bfe3/417.png','2021-05-19 13:13:59'),(324,'SG-CQB','SHOTGUN','Primary Weapon','https://staticctf.akamaized.net/J3yJr34U2pZ2Ieem48Dwy9uqj5PNUQTn/5JoL3b36Fsztt9Q2XYmrbJ/dacec96948d3f8fe92914a69b9aac593/SG-CQB.png','2021-05-19 13:13:59'),(325,'P9','HANDGUN','Secondary Weapon','https://staticctf.akamaized.net/J3yJr34U2pZ2Ieem48Dwy9uqj5PNUQTn/6Fd1cl17KA0CtgodEiiY6v/d0f145ea72f2aacbd04260ba7d8f1c74/P9.png','2021-05-19 13:13:59'),(326,'LFP586','HANDGUN','Secondary Weapon','https://staticctf.akamaized.net/J3yJr34U2pZ2Ieem48Dwy9uqj5PNUQTn/1zc7UtdBfCZakwbiYqBvSz/1fd3f1584de38ca7c9315d498f094276/LFP586.png','2021-05-19 13:13:59'),(327,'Smoke Grenade','','Gadget','https://staticctf.akamaized.net/J3yJr34U2pZ2Ieem48Dwy9uqj5PNUQTn/3LaxoSLC49T5vgKnUAlTLT/c47c4636845a04478432c48be8c29aee/Smoke_Grenade.png','2021-05-19 13:13:59'),(328,'Claymore','','Gadget','https://staticctf.akamaized.net/J3yJr34U2pZ2Ieem48Dwy9uqj5PNUQTn/4T4H5EJgUxorucGVtU2pkm/74fef324b89c220ce6426e8097f915b9/Claymore.png','2021-05-19 13:13:59'),(329,'Shock Drones','','Unique Ability','https://staticctf.akamaized.net/J3yJr34U2pZ2Ieem48Dwy9uqj5PNUQTn/5dZ9kaUfUSF3piuFIUKf2t/7ebfc51caee42a776492b56251d45d92/Shock-Drones.png','2021-05-19 13:13:59'),(330,'MP5','SUBMACHINE GUN','Primary Weapon','https://staticctf.akamaized.net/J3yJr34U2pZ2Ieem48Dwy9uqj5PNUQTn/60YbOvSBQt6ZUlu8YDXoZm/51ef3857b2986de700262432e8433714/MP5.png','2021-05-19 13:14:02'),(331,'P90','SUBMACHINE GUN','Primary Weapon','https://staticctf.akamaized.net/J3yJr34U2pZ2Ieem48Dwy9uqj5PNUQTn/4nGrNspOvII2oS3lEMkg5x/2398a493c298bc654f97c58767aa40f3/P90.png','2021-05-19 13:14:02'),(332,'SG-CQB','SHOTGUN','Primary Weapon','https://staticctf.akamaized.net/J3yJr34U2pZ2Ieem48Dwy9uqj5PNUQTn/5JoL3b36Fsztt9Q2XYmrbJ/dacec96948d3f8fe92914a69b9aac593/SG-CQB.png','2021-05-19 13:14:02'),(333,'P9','HANDGUN','Secondary Weapon','https://staticctf.akamaized.net/J3yJr34U2pZ2Ieem48Dwy9uqj5PNUQTn/6Fd1cl17KA0CtgodEiiY6v/d0f145ea72f2aacbd04260ba7d8f1c74/P9.png','2021-05-19 13:14:02'),(334,'LFP586','HANDGUN','Secondary Weapon','https://staticctf.akamaized.net/J3yJr34U2pZ2Ieem48Dwy9uqj5PNUQTn/1zc7UtdBfCZakwbiYqBvSz/1fd3f1584de38ca7c9315d498f094276/LFP586.png','2021-05-19 13:14:02'),(335,'Bulletproof camera','','Gadget','https://staticctf.akamaized.net/J3yJr34U2pZ2Ieem48Dwy9uqj5PNUQTn/gZuOXvuTu2i8hQX0B6auy/259f379a6283bae618443d722a896f1a/Bulletproof_camera.png','2021-05-19 13:14:02'),(336,'Barbed Wire','','Gadget','https://staticctf.akamaized.net/J3yJr34U2pZ2Ieem48Dwy9uqj5PNUQTn/7igaibxuCcSpWDkZensEJS/bfa2cef52f3d860b7a06c2b4d7a6340e/Barbed_wire.png','2021-05-19 13:14:02'),(337,'Stim Pistol','','Unique Ability','https://staticctf.akamaized.net/J3yJr34U2pZ2Ieem48Dwy9uqj5PNUQTn/7njaeUjJj27iYH27HnH6jn/c5533d2d7191b879c313013f278f5f59/Stim-Pistol.png','2021-05-19 13:14:02'),(338,'MP5','SUBMACHINE GUN','Primary Weapon','https://staticctf.akamaized.net/J3yJr34U2pZ2Ieem48Dwy9uqj5PNUQTn/60YbOvSBQt6ZUlu8YDXoZm/51ef3857b2986de700262432e8433714/MP5.png','2021-05-19 13:14:04'),(339,'P90','SUBMACHINE GUN','Primary Weapon','https://staticctf.akamaized.net/J3yJr34U2pZ2Ieem48Dwy9uqj5PNUQTn/4nGrNspOvII2oS3lEMkg5x/2398a493c298bc654f97c58767aa40f3/P90.png','2021-05-19 13:14:04'),(340,'SG-CQB','SHOTGUN','Primary Weapon','https://staticctf.akamaized.net/J3yJr34U2pZ2Ieem48Dwy9uqj5PNUQTn/5JoL3b36Fsztt9Q2XYmrbJ/dacec96948d3f8fe92914a69b9aac593/SG-CQB.png','2021-05-19 13:14:04'),(341,'P9','HANDGUN','Secondary Weapon','https://staticctf.akamaized.net/J3yJr34U2pZ2Ieem48Dwy9uqj5PNUQTn/6Fd1cl17KA0CtgodEiiY6v/d0f145ea72f2aacbd04260ba7d8f1c74/P9.png','2021-05-19 13:14:04'),(342,'LFP586','HANDGUN','Secondary Weapon','https://staticctf.akamaized.net/J3yJr34U2pZ2Ieem48Dwy9uqj5PNUQTn/1zc7UtdBfCZakwbiYqBvSz/1fd3f1584de38ca7c9315d498f094276/LFP586.png','2021-05-19 13:14:04'),(343,'PROXIMITY ALARM','','Gadget','https://staticctf.akamaized.net/J3yJr34U2pZ2Ieem48Dwy9uqj5PNUQTn/2TsFLmb2O6LRZpbxzkZDck/c9146913388a9567500b704c95600621/Proximity_alarm.png','2021-05-19 13:14:04'),(344,'Impact Grenade','','Gadget','https://staticctf.akamaized.net/J3yJr34U2pZ2Ieem48Dwy9uqj5PNUQTn/7iJK9B1Vr3PDO3rGftU00l/c3d8edc5564a80580e4ac2f9a4fc3937/Impact_Grenade.png','2021-05-19 13:14:04'),(345,'Armor Pack','','Unique Ability','https://staticctf.akamaized.net/J3yJr34U2pZ2Ieem48Dwy9uqj5PNUQTn/MeoKw7iPY6EFYvjS07CRg/b2d7eba623f3c63d6b7097a8f2253954/Armor-Pack.png','2021-05-19 13:14:04'),(346,'M870','SHOTGUN','Primary Weapon','https://staticctf.akamaized.net/J3yJr34U2pZ2Ieem48Dwy9uqj5PNUQTn/2rkU6g4Rlg0e0U4rczWGTV/a51589a54c43f476d8eb984c0ea881e9/M870.png','2021-05-19 13:14:07'),(347,'416-C Carbine','ASSAULT RIFLE','Primary Weapon','https://staticctf.akamaized.net/J3yJr34U2pZ2Ieem48Dwy9uqj5PNUQTn/2I86r2a2QD8EHTZVZnxcxy/2913450ba952a16c29fac1f5ce58ba1a/416-C_Carbine.png','2021-05-19 13:14:07'),(348,'P12','HANDGUN','Secondary Weapon','https://staticctf.akamaized.net/J3yJr34U2pZ2Ieem48Dwy9uqj5PNUQTn/2mpM7rah7rwEW0bViIirUC/ed9caa4db58421519fa4db390b1aa164/P12.png','2021-05-19 13:14:07'),(349,'Barbed Wire','','Gadget','https://staticctf.akamaized.net/J3yJr34U2pZ2Ieem48Dwy9uqj5PNUQTn/7igaibxuCcSpWDkZensEJS/bfa2cef52f3d860b7a06c2b4d7a6340e/Barbed_wire.png','2021-05-19 13:14:07'),(350,'Bulletproof camera','','Gadget','https://staticctf.akamaized.net/J3yJr34U2pZ2Ieem48Dwy9uqj5PNUQTn/gZuOXvuTu2i8hQX0B6auy/259f379a6283bae618443d722a896f1a/Bulletproof_camera.png','2021-05-19 13:14:07'),(351,'Active Defense System','','Unique Ability','https://staticctf.akamaized.net/J3yJr34U2pZ2Ieem48Dwy9uqj5PNUQTn/1YCujceutAcJ7F10yhHC41/c5f870e7789b6396c9997ed45ccd3beb/Active-Defense-System.png','2021-05-19 13:14:07'),(352,'MP7','SUBMACHINE GUN','Primary Weapon','https://staticctf.akamaized.net/J3yJr34U2pZ2Ieem48Dwy9uqj5PNUQTn/3a4dgTWGdiJqALhtRp4pKy/f2568d3de3cfe7e4b53179e8653cd2a2/MP7.png','2021-05-19 13:14:10'),(353,'M870','SHOTGUN','Primary Weapon','https://staticctf.akamaized.net/J3yJr34U2pZ2Ieem48Dwy9uqj5PNUQTn/2rkU6g4Rlg0e0U4rczWGTV/a51589a54c43f476d8eb984c0ea881e9/M870.png','2021-05-19 13:14:10'),(354,'P12','HANDGUN','Secondary Weapon','https://staticctf.akamaized.net/J3yJr34U2pZ2Ieem48Dwy9uqj5PNUQTn/2mpM7rah7rwEW0bViIirUC/ed9caa4db58421519fa4db390b1aa164/P12.png','2021-05-19 13:14:10'),(355,'Barbed Wire','','Gadget','https://staticctf.akamaized.net/J3yJr34U2pZ2Ieem48Dwy9uqj5PNUQTn/7igaibxuCcSpWDkZensEJS/bfa2cef52f3d860b7a06c2b4d7a6340e/Barbed_wire.png','2021-05-19 13:14:10'),(356,'Nitro Cell','','Gadget','https://staticctf.akamaized.net/J3yJr34U2pZ2Ieem48Dwy9uqj5PNUQTn/4pBSTw9U6l9GRnT12G6Xln/e0991bc03b48d217f510af8b611c8828/Nitro_Cell.png','2021-05-19 13:14:10'),(357,'Shock Wire','','Unique Ability','https://staticctf.akamaized.net/J3yJr34U2pZ2Ieem48Dwy9uqj5PNUQTn/129HTNU2A5kIcMj0KZ5UjU/858b60dd0e9b8692e2dc693eded50e14/Shock-Wire.png','2021-05-19 13:14:10'),(358,'G52-Tactical Shield','','Primary Weapon','https://staticctf.akamaized.net/J3yJr34U2pZ2Ieem48Dwy9uqj5PNUQTn/7qmWjGZayvK4t6E80Gvu7g/8b789d6d639744dce100c2cfb9709e6a/G52-Tactical_Shield.png','2021-05-19 13:14:13'),(359,'P12','HANDGUN','Secondary Weapon','https://staticctf.akamaized.net/J3yJr34U2pZ2Ieem48Dwy9uqj5PNUQTn/2mpM7rah7rwEW0bViIirUC/ed9caa4db58421519fa4db390b1aa164/P12.png','2021-05-19 13:14:13'),(360,'Smoke Grenade','','Gadget','https://staticctf.akamaized.net/J3yJr34U2pZ2Ieem48Dwy9uqj5PNUQTn/3LaxoSLC49T5vgKnUAlTLT/c47c4636845a04478432c48be8c29aee/Smoke_Grenade.png','2021-05-19 13:14:13'),(361,'Breach Charge','','Gadget','https://staticctf.akamaized.net/J3yJr34U2pZ2Ieem48Dwy9uqj5PNUQTn/1OgTMhyF1FBsSAo4njk26m/9881001e9db03a4806b2eea6007e4a1a/Breach_Charge.png','2021-05-19 13:14:13'),(362,'Flash Shield','','Unique Ability','https://staticctf.akamaized.net/J3yJr34U2pZ2Ieem48Dwy9uqj5PNUQTn/7EXDIOjPFMhPKZWY5OcEQC/f2df48ebe5673dca7773d81efd940b66/Flash-Shield.png','2021-05-19 13:14:13'),(363,'AUG A2','ASSAULT RIFLE','Primary Weapon','https://staticctf.akamaized.net/J3yJr34U2pZ2Ieem48Dwy9uqj5PNUQTn/1eO39zRe8XxJXH1KZiIWhM/02049ced0fbfa630833e8b0d3c03de07/AUG_A2.png','2021-05-19 13:14:15'),(364,'552 Commando','ASSAULT RIFLE','Primary Weapon','https://staticctf.akamaized.net/J3yJr34U2pZ2Ieem48Dwy9uqj5PNUQTn/1LT0N89YaOHvRwn3Pphr8K/02d4a3da9cda132d8201fd134f24fede/552_Commando.png','2021-05-19 13:14:15'),(365,'G8A1','Light Machine Gun','Primary Weapon','https://staticctf.akamaized.net/J3yJr34U2pZ2Ieem48Dwy9uqj5PNUQTn/4TIb7oeJesaROOOfTlCBaZ/ffd6a802f9a779a0d39b2122c49b3254/G8A1.png','2021-05-19 13:14:15'),(366,'P12','HANDGUN','Secondary Weapon','https://staticctf.akamaized.net/J3yJr34U2pZ2Ieem48Dwy9uqj5PNUQTn/2mpM7rah7rwEW0bViIirUC/ed9caa4db58421519fa4db390b1aa164/P12.png','2021-05-19 13:14:15'),(367,'Breach Charge','','Gadget','https://staticctf.akamaized.net/J3yJr34U2pZ2Ieem48Dwy9uqj5PNUQTn/1OgTMhyF1FBsSAo4njk26m/9881001e9db03a4806b2eea6007e4a1a/Breach_Charge.png','2021-05-19 13:14:15'),(368,'Claymore','','Gadget','https://staticctf.akamaized.net/J3yJr34U2pZ2Ieem48Dwy9uqj5PNUQTn/4T4H5EJgUxorucGVtU2pkm/74fef324b89c220ce6426e8097f915b9/Claymore.png','2021-05-19 13:14:15'),(369,'Electronics Detector','','Unique Ability','https://staticctf.akamaized.net/J3yJr34U2pZ2Ieem48Dwy9uqj5PNUQTn/23Nk2ie06rb3DcZnStryIY/e06226196dd582c905c33fad87dfdd63/Electronics-Detector.png','2021-05-19 13:14:15'),(370,'AK-12','ASSAULT RIFLE','Primary Weapon','https://staticctf.akamaized.net/J3yJr34U2pZ2Ieem48Dwy9uqj5PNUQTn/7KAZZgnpqD07y47jVVXEuh/e0d7e67101f8f966aa6e1c59e835454f/AK-12.png','2021-05-19 13:14:17'),(371,'6P41','Light Machine Gun','Primary Weapon','https://staticctf.akamaized.net/J3yJr34U2pZ2Ieem48Dwy9uqj5PNUQTn/1wxS2HOCvoPAfnJEDFWjfw/7feddb98582ec37b500243d3f3e19eca/6P41.png','2021-05-19 13:14:17'),(372,'Ballistic Shield','','Primary Weapon','https://staticctf.akamaized.net/J3yJr34U2pZ2Ieem48Dwy9uqj5PNUQTn/2C21gwsjOka5Rwp8qSM5hA/a38937032260bce4f690fb9bb8adf4c0/Ballistic_Shield.png','2021-05-19 13:14:17'),(373,'PMM','HANDGUN','Secondary Weapon','https://staticctf.akamaized.net/J3yJr34U2pZ2Ieem48Dwy9uqj5PNUQTn/3y4LIwwm8YNQHAv8oOkWCK/a2375901cee34e68fa39c976d85de8aa/PMM.png','2021-05-19 13:14:17'),(374,'GSh-18','HANDGUN','Secondary Weapon','https://staticctf.akamaized.net/J3yJr34U2pZ2Ieem48Dwy9uqj5PNUQTn/5s5Q33j3MNcXf9lwfxfd7m/4eb3a6af1d431481b6ddcec44fbc7602/GSh-18.png','2021-05-19 13:14:17'),(375,'Breach Charge','','Gadget','https://staticctf.akamaized.net/J3yJr34U2pZ2Ieem48Dwy9uqj5PNUQTn/1OgTMhyF1FBsSAo4njk26m/9881001e9db03a4806b2eea6007e4a1a/Breach_Charge.png','2021-05-19 13:14:17'),(376,'HARD BREACH CHARGE','','Gadget','https://staticctf.akamaized.net/J3yJr34U2pZ2Ieem48Dwy9uqj5PNUQTn/3OvnVPWY1UyrDE913kU0a1/eae4b2a1584234ea2ff4ad6481239f3b/SecondaryBreacher.png','2021-05-19 13:14:17'),(377,'Cluster Charge','','Unique Ability','https://staticctf.akamaized.net/J3yJr34U2pZ2Ieem48Dwy9uqj5PNUQTn/3YaoPPUbFYeVSCemdj57EL/a4a4a8c0a935640f7d9a1d1ea82bc48c/Cluster-Charge.png','2021-05-19 13:14:17'),(378,'OTs-03','Marksman Rifle','Primary Weapon','https://staticctf.akamaized.net/J3yJr34U2pZ2Ieem48Dwy9uqj5PNUQTn/4fXznwDtLt61VCF8QIF4N3/34e2e6d6c33d4c504c945bdd13c322f6/OTs-03.png','2021-05-19 13:14:20'),(379,'PMM','HANDGUN','Secondary Weapon','https://staticctf.akamaized.net/J3yJr34U2pZ2Ieem48Dwy9uqj5PNUQTn/3y4LIwwm8YNQHAv8oOkWCK/a2375901cee34e68fa39c976d85de8aa/PMM.png','2021-05-19 13:14:20'),(380,'Gonne-6','Hand Cannon','Secondary Weapon','https://staticctf.akamaized.net/J3yJr34U2pZ2Ieem48Dwy9uqj5PNUQTn/23AlSVw8MwI1y3ZakEfqgW/c4561ae6e8da8db2627a146b8b55ee6c/GONNE-6_HUD_Icon__1_.png','2021-05-19 13:14:20'),(381,'Smoke Grenade','','Gadget','https://staticctf.akamaized.net/J3yJr34U2pZ2Ieem48Dwy9uqj5PNUQTn/3LaxoSLC49T5vgKnUAlTLT/c47c4636845a04478432c48be8c29aee/Smoke_Grenade.png','2021-05-19 13:14:20'),(382,'Frag Grenade','','Gadget','https://staticctf.akamaized.net/J3yJr34U2pZ2Ieem48Dwy9uqj5PNUQTn/4GZsPHbm9H0k5EWz7TMkwO/33b9007bc6ee03dab15cfa15eb69e096/Frag_Grenade.png','2021-05-19 13:14:20'),(383,'Flip Sight','','Unique Ability','https://staticctf.akamaized.net/J3yJr34U2pZ2Ieem48Dwy9uqj5PNUQTn/73bNPGhlIuhlWvi497sYqE/b68414436088f62f9da44cd42f702df7/Flip-Sight.png','2021-05-19 13:14:20'),(384,'DP27','Light Machine Gun','Primary Weapon','https://staticctf.akamaized.net/J3yJr34U2pZ2Ieem48Dwy9uqj5PNUQTn/7LoT7yAe0LK7bDOeq6MZZM/33995bc704667674af1b73fe962d4c7c/Primary_gun_DP27.png','2021-05-19 13:14:22'),(385,'9x19VSN','SUBMACHINE GUN','Primary Weapon','https://staticctf.akamaized.net/J3yJr34U2pZ2Ieem48Dwy9uqj5PNUQTn/42gH96xTTYaTZsfXI3c0wL/a7edbf11af97091ee884b68e59fe6a4f/9x19VSN.png','2021-05-19 13:14:22'),(386,'PMM','HANDGUN','Secondary Weapon','https://staticctf.akamaized.net/J3yJr34U2pZ2Ieem48Dwy9uqj5PNUQTn/3y4LIwwm8YNQHAv8oOkWCK/a2375901cee34e68fa39c976d85de8aa/PMM.png','2021-05-19 13:14:22'),(387,'GSh-18','HANDGUN','Secondary Weapon','https://staticctf.akamaized.net/J3yJr34U2pZ2Ieem48Dwy9uqj5PNUQTn/5s5Q33j3MNcXf9lwfxfd7m/4eb3a6af1d431481b6ddcec44fbc7602/GSh-18.png','2021-05-19 13:14:22'),(388,'Barbed Wire','','Gadget','https://staticctf.akamaized.net/J3yJr34U2pZ2Ieem48Dwy9uqj5PNUQTn/7igaibxuCcSpWDkZensEJS/bfa2cef52f3d860b7a06c2b4d7a6340e/Barbed_wire.png','2021-05-19 13:14:22'),(389,'PROXIMITY ALARM','','Gadget','https://staticctf.akamaized.net/J3yJr34U2pZ2Ieem48Dwy9uqj5PNUQTn/2TsFLmb2O6LRZpbxzkZDck/c9146913388a9567500b704c95600621/Proximity_alarm.png','2021-05-19 13:14:22'),(390,'SHUMIKHA LAUNCHER','','Unique Ability','https://staticctf.akamaized.net/J3yJr34U2pZ2Ieem48Dwy9uqj5PNUQTn/37wX75QnY7XA6KbjM4aF5n/0ab116d398cf71463e11d43913818ec1/Shumikha-Launcher.png','2021-05-19 13:14:22'),(391,'9x19VSN','SUBMACHINE GUN','Primary Weapon','https://staticctf.akamaized.net/J3yJr34U2pZ2Ieem48Dwy9uqj5PNUQTn/42gH96xTTYaTZsfXI3c0wL/a7edbf11af97091ee884b68e59fe6a4f/9x19VSN.png','2021-05-19 13:14:25'),(392,'SASG-12','SHOTGUN','Primary Weapon','https://staticctf.akamaized.net/J3yJr34U2pZ2Ieem48Dwy9uqj5PNUQTn/2Q6mL4CbifmIgifV2yV3Hi/2bb2b323f055b03a2c1ba516c262c24e/SASG-12.png','2021-05-19 13:14:25'),(393,'PMM','HANDGUN','Secondary Weapon','https://staticctf.akamaized.net/J3yJr34U2pZ2Ieem48Dwy9uqj5PNUQTn/3y4LIwwm8YNQHAv8oOkWCK/a2375901cee34e68fa39c976d85de8aa/PMM.png','2021-05-19 13:14:25'),(394,'GSh-18','HANDGUN','Secondary Weapon','https://staticctf.akamaized.net/J3yJr34U2pZ2Ieem48Dwy9uqj5PNUQTn/5s5Q33j3MNcXf9lwfxfd7m/4eb3a6af1d431481b6ddcec44fbc7602/GSh-18.png','2021-05-19 13:14:25'),(395,'Impact Grenade','','Gadget','https://staticctf.akamaized.net/J3yJr34U2pZ2Ieem48Dwy9uqj5PNUQTn/7iJK9B1Vr3PDO3rGftU00l/c3d8edc5564a80580e4ac2f9a4fc3937/Impact_Grenade.png','2021-05-19 13:14:25'),(396,'Nitro Cell','','Gadget','https://staticctf.akamaized.net/J3yJr34U2pZ2Ieem48Dwy9uqj5PNUQTn/4pBSTw9U6l9GRnT12G6Xln/e0991bc03b48d217f510af8b611c8828/Nitro_Cell.png','2021-05-19 13:14:25'),(397,'Entry Denial Device','','Unique Ability','https://staticctf.akamaized.net/J3yJr34U2pZ2Ieem48Dwy9uqj5PNUQTn/FLgwGbMiZTrWcK62KxPq8/d4e584420f85fa61c09e5e57e12d9dd9/Entry-Denial-Device.png','2021-05-19 13:14:25');
/*!40000 ALTER TABLE `weapons` ENABLE KEYS */;
UNLOCK TABLES;
/*!40103 SET TIME_ZONE=@OLD_TIME_ZONE */;

/*!40101 SET SQL_MODE=@OLD_SQL_MODE */;
/*!40014 SET FOREIGN_KEY_CHECKS=@OLD_FOREIGN_KEY_CHECKS */;
/*!40014 SET UNIQUE_CHECKS=@OLD_UNIQUE_CHECKS */;
/*!40101 SET CHARACTER_SET_CLIENT=@OLD_CHARACTER_SET_CLIENT */;
/*!40101 SET CHARACTER_SET_RESULTS=@OLD_CHARACTER_SET_RESULTS */;
/*!40101 SET COLLATION_CONNECTION=@OLD_COLLATION_CONNECTION */;
/*!40111 SET SQL_NOTES=@OLD_SQL_NOTES */;

-- Dump completed on 2021-05-24 23:51:37
